weight_type,scenario_id,obs_id,mode,timestep,x,y,probability
UNIFORM,0,0,turn_left,0,5.0000,0.0000,0.1667
UNIFORM,0,0,turn_left,1,4.9014,-0.0045,0.1667
UNIFORM,0,0,turn_left,2,4.8014,-0.0082,0.1667
UNIFORM,0,0,turn_left,3,4.6982,-0.0119,0.1667
UNIFORM,0,0,turn_left,4,4.5927,-0.0220,0.1667
UNIFORM,0,0,turn_left,5,4.4842,-0.0360,0.1667
UNIFORM,0,0,turn_left,6,4.3755,-0.0526,0.1667
UNIFORM,0,0,turn_left,7,4.2716,-0.0682,0.1667
UNIFORM,0,0,turn_left,8,4.1657,-0.0816,0.1667
UNIFORM,0,0,turn_left,9,4.0535,-0.0971,0.1667
UNIFORM,0,0,turn_left,10,3.9374,-0.1128,0.1667
UNIFORM,0,0,turn_left,11,3.8180,-0.1274,0.1667
UNIFORM,0,0,turn_left,12,3.7001,-0.1426,0.1667
UNIFORM,0,0,turn_left,13,3.5829,-0.1593,0.1667
UNIFORM,0,0,turn_left,14,3.4658,-0.1780,0.1667
UNIFORM,0,0,turn_left,15,3.3491,-0.1986,0.1667
UNIFORM,1,0,decelerating,0,5.0000,0.0000,0.1667
UNIFORM,1,0,decelerating,1,4.9019,-0.0028,0.1667
UNIFORM,1,0,decelerating,2,4.8037,-0.0123,0.1667
UNIFORM,1,0,decelerating,3,4.7023,-0.0289,0.1667
UNIFORM,1,0,decelerating,4,4.5963,-0.0551,0.1667
UNIFORM,1,0,decelerating,5,4.4833,-0.0889,0.1667
UNIFORM,1,0,decelerating,6,4.3607,-0.1285,0.1667
UNIFORM,1,0,decelerating,7,4.2315,-0.1698,0.1667
UNIFORM,1,0,decelerating,8,4.0986,-0.2136,0.1667
UNIFORM,1,0,decelerating,9,3.9602,-0.2599,0.1667
UNIFORM,1,0,decelerating,10,3.8165,-0.3016,0.1667
UNIFORM,1,0,decelerating,11,3.6704,-0.3375,0.1667
UNIFORM,1,0,decelerating,12,3.5211,-0.3741,0.1667
UNIFORM,1,0,decelerating,13,3.3642,-0.4137,0.1667
UNIFORM,1,0,decelerating,14,3.1964,-0.4577,0.1667
UNIFORM,1,0,decelerating,15,3.0214,-0.5087,0.1667
UNIFORM,2,0,lane_change_left,0,5.0000,0.0000,0.1667
UNIFORM,2,0,lane_change_left,1,4.9016,0.0277,0.1667
UNIFORM,2,0,lane_change_left,2,4.8060,0.0565,0.1667
UNIFORM,2,0,lane_change_left,3,4.7121,0.0899,0.1667
UNIFORM,2,0,lane_change_left,4,4.6164,0.1246,0.1667
UNIFORM,2,0,lane_change_left,5,4.5222,0.1562,0.1667
UNIFORM,2,0,lane_change_left,6,4.4341,0.1893,0.1667
UNIFORM,2,0,lane_change_left,7,4.3495,0.2225,0.1667
UNIFORM,2,0,lane_change_left,8,4.2668,0.2513,0.1667
UNIFORM,2,0,lane_change_left,9,4.1861,0.2818,0.1667
UNIFORM,2,0,lane_change_left,10,4.1047,0.3119,0.1667
UNIFORM,2,0,lane_change_left,11,4.0209,0.3376,0.1667
UNIFORM,2,0,lane_change_left,12,3.9371,0.3605,0.1667
UNIFORM,2,0,lane_change_left,13,3.8603,0.3806,0.1667
UNIFORM,2,0,lane_change_left,14,3.7881,0.3992,0.1667
UNIFORM,2,0,lane_change_left,15,3.7162,0.4246,0.1667
UNIFORM,3,0,decelerating,0,5.0000,0.0000,0.1667
UNIFORM,3,0,decelerating,1,4.9003,0.0015,0.1667
UNIFORM,3,0,decelerating,2,4.7978,0.0005,0.1667
UNIFORM,3,0,decelerating,3,4.6883,-0.0025,0.1667
UNIFORM,3,0,decelerating,4,4.5699,-0.0105,0.1667
UNIFORM,3,0,decelerating,5,4.4452,-0.0295,0.1667
UNIFORM,3,0,decelerating,6,4.3136,-0.0551,0.1667
UNIFORM,3,0,decelerating,7,4.1754,-0.0860,0.1667
UNIFORM,3,0,decelerating,8,4.0306,-0.1228,0.1667
UNIFORM,3,0,decelerating,9,3.8769,-0.1661,0.1667
UNIFORM,3,0,decelerating,10,3.7151,-0.2200,0.1667
UNIFORM,3,0,decelerating,11,3.5534,-0.2824,0.1667
UNIFORM,3,0,decelerating,12,3.3894,-0.3523,0.1667
UNIFORM,3,0,decelerating,13,3.2169,-0.4306,0.1667
UNIFORM,3,0,decelerating,14,3.0329,-0.5122,0.1667
UNIFORM,3,0,decelerating,15,2.8387,-0.5957,0.1667
UNIFORM,4,0,decelerating,0,5.0000,0.0000,0.1667
UNIFORM,4,0,decelerating,1,4.9027,0.0025,0.1667
UNIFORM,4,0,decelerating,2,4.8020,0.0023,0.1667
UNIFORM,4,0,decelerating,3,4.6984,-0.0066,0.1667
UNIFORM,4,0,decelerating,4,4.5936,-0.0192,0.1667
UNIFORM,4,0,decelerating,5,4.4896,-0.0367,0.1667
UNIFORM,4,0,decelerating,6,4.3836,-0.0637,0.1667
UNIFORM,4,0,decelerating,7,4.2675,-0.0968,0.1667
UNIFORM,4,0,decelerating,8,4.1426,-0.1332,0.1667
UNIFORM,4,0,decelerating,9,4.0123,-0.1705,0.1667
UNIFORM,4,0,decelerating,10,3.8782,-0.2109,0.1667
UNIFORM,4,0,decelerating,11,3.7404,-0.2579,0.1667
UNIFORM,4,0,decelerating,12,3.5997,-0.3119,0.1667
UNIFORM,4,0,decelerating,13,3.4532,-0.3715,0.1667
UNIFORM,4,0,decelerating,14,3.3012,-0.4362,0.1667
UNIFORM,4,0,decelerating,15,3.1445,-0.5052,0.1667
UNIFORM,5,0,turn_right,0,5.0000,0.0000,0.1667
UNIFORM,5,0,turn_right,1,4.9011,-0.0032,0.1667
UNIFORM,5,0,turn_right,2,4.8043,-0.0073,0.1667
UNIFORM,5,0,turn_right,3,4.7065,-0.0045,0.1667
UNIFORM,5,0,turn_right,4,4.6115,0.0040,0.1667
UNIFORM,5,0,turn_right,5,4.5200,0.0148,0.1667
UNIFORM,5,0,turn_right,6,4.4273,0.0281,0.1667
UNIFORM,5,0,turn_right,7,4.3352,0.0464,0.1667
UNIFORM,5,0,turn_right,8,4.2435,0.0691,0.1667
UNIFORM,5,0,turn_right,9,4.1546,0.0923,0.1667
UNIFORM,5,0,turn_right,10,4.0691,0.1157,0.1667
UNIFORM,5,0,turn_right,11,3.9869,0.1414,0.1667
UNIFORM,5,0,turn_right,12,3.9093,0.1717,0.1667
UNIFORM,5,0,turn_right,13,3.8299,0.2098,0.1667
UNIFORM,5,0,turn_right,14,3.7446,0.2507,0.1667
UNIFORM,5,0,turn_right,15,3.6508,0.2895,0.1667
UNIFORM,6,0,turn_right,0,5.0000,0.0000,0.1667
UNIFORM,6,0,turn_right,1,4.8967,0.0029,0.1667
UNIFORM,6,0,turn_right,2,4.7936,0.0072,0.1667
UNIFORM,6,0,turn_right,3,4.6916,0.0153,0.1667
UNIFORM,6,0,turn_right,4,4.5891,0.0370,0.1667
UNIFORM,6,0,turn_right,5,4.4858,0.0712,0.1667
UNIFORM,6,0,turn_right,6,4.3812,0.1105,0.1667
UNIFORM,6,0,turn_right,7,4.2808,0.1529,0.1667
UNIFORM,6,0,turn_right,8,4.1792,0.1961,0.1667
UNIFORM,6,0,turn_right,9,4.0775,0.2433,0.1667
UNIFORM,6,0,turn_right,10,3.9798,0.2976,0.1667
UNIFORM,6,0,turn_right,11,3.8898,0.3560,0.1667
UNIFORM,6,0,turn_right,12,3.8085,0.4173,0.1667
UNIFORM,6,0,turn_right,13,3.7306,0.4805,0.1667
UNIFORM,6,0,turn_right,14,3.6577,0.5404,0.1667
UNIFORM,6,0,turn_right,15,3.5888,0.5976,0.1667
UNIFORM,7,0,constant_velocity,0,5.0000,0.0000,0.1667
UNIFORM,7,0,constant_velocity,1,4.8976,-0.0015,0.1667
UNIFORM,7,0,constant_velocity,2,4.7926,-0.0088,0.1667
UNIFORM,7,0,constant_velocity,3,4.6839,-0.0246,0.1667
UNIFORM,7,0,constant_velocity,4,4.5691,-0.0410,0.1667
UNIFORM,7,0,constant_velocity,5,4.4492,-0.0565,0.1667
UNIFORM,7,0,constant_velocity,6,4.3294,-0.0756,0.1667
UNIFORM,7,0,constant_velocity,7,4.2128,-0.0977,0.1667
UNIFORM,7,0,constant_velocity,8,4.0928,-0.1204,0.1667
UNIFORM,7,0,constant_velocity,9,3.9644,-0.1433,0.1667
UNIFORM,7,0,constant_velocity,10,3.8302,-0.1669,0.1667
UNIFORM,7,0,constant_velocity,11,3.6929,-0.1904,0.1667
UNIFORM,7,0,constant_velocity,12,3.5503,-0.2092,0.1667
UNIFORM,7,0,constant_velocity,13,3.4007,-0.2200,0.1667
UNIFORM,7,0,constant_velocity,14,3.2486,-0.2274,0.1667
UNIFORM,7,0,constant_velocity,15,3.0977,-0.2392,0.1667
UNIFORM,8,0,decelerating,0,5.0000,0.0000,0.1667
UNIFORM,8,0,decelerating,1,4.8986,0.0019,0.1667
UNIFORM,8,0,decelerating,2,4.7908,0.0021,0.1667
UNIFORM,8,0,decelerating,3,4.6769,-0.0003,0.1667
UNIFORM,8,0,decelerating,4,4.5612,-0.0085,0.1667
UNIFORM,8,0,decelerating,5,4.4443,-0.0247,0.1667
UNIFORM,8,0,decelerating,6,4.3262,-0.0483,0.1667
UNIFORM,8,0,decelerating,7,4.2052,-0.0793,0.1667
UNIFORM,8,0,decelerating,8,4.0770,-0.1189,0.1667
UNIFORM,8,0,decelerating,9,3.9426,-0.1649,0.1667
UNIFORM,8,0,decelerating,10,3.8020,-0.2136,0.1667
UNIFORM,8,0,decelerating,11,3.6553,-0.2656,0.1667
UNIFORM,8,0,decelerating,12,3.5034,-0.3176,0.1667
UNIFORM,8,0,decelerating,13,3.3453,-0.3641,0.1667
UNIFORM,8,0,decelerating,14,3.1773,-0.4103,0.1667
UNIFORM,8,0,decelerating,15,3.0004,-0.4629,0.1667
UNIFORM,9,0,constant_velocity,0,5.0000,0.0000,0.1667
UNIFORM,9,0,constant_velocity,1,4.8993,-0.0015,0.1667
UNIFORM,9,0,constant_velocity,2,4.7965,-0.0018,0.1667
UNIFORM,9,0,constant_velocity,3,4.6977,-0.0006,0.1667
UNIFORM,9,0,constant_velocity,4,4.6033,0.0007,0.1667
UNIFORM,9,0,constant_velocity,5,4.5160,0.0035,0.1667
UNIFORM,9,0,constant_velocity,6,4.4392,0.0104,0.1667
UNIFORM,9,0,constant_velocity,7,4.3656,0.0235,0.1667
UNIFORM,9,0,constant_velocity,8,4.2945,0.0414,0.1667
UNIFORM,9,0,constant_velocity,9,4.2222,0.0624,0.1667
UNIFORM,9,0,constant_velocity,10,4.1486,0.0852,0.1667
UNIFORM,9,0,constant_velocity,11,4.0790,0.1102,0.1667
UNIFORM,9,0,constant_velocity,12,4.0095,0.1378,0.1667
UNIFORM,9,0,constant_velocity,13,3.9348,0.1651,0.1667
UNIFORM,9,0,constant_velocity,14,3.8569,0.1904,0.1667
UNIFORM,9,0,constant_velocity,15,3.7741,0.2182,0.1667
UNIFORM,10,0,lane_change_right,0,5.0000,0.0000,0.1667
UNIFORM,10,0,lane_change_right,1,4.9039,-0.0325,0.1667
UNIFORM,10,0,lane_change_right,2,4.8086,-0.0694,0.1667
UNIFORM,10,0,lane_change_right,3,4.7150,-0.1086,0.1667
UNIFORM,10,0,lane_change_right,4,4.6277,-0.1482,0.1667
UNIFORM,10,0,lane_change_right,5,4.5415,-0.1897,0.1667
UNIFORM,10,0,lane_change_right,6,4.4551,-0.2311,0.1667
UNIFORM,10,0,lane_change_right,7,4.3731,-0.2760,0.1667
UNIFORM,10,0,lane_change_right,8,4.2993,-0.3242,0.1667
UNIFORM,10,0,lane_change_right,9,4.2286,-0.3726,0.1667
UNIFORM,10,0,lane_change_right,10,4.1596,-0.4217,0.1667
UNIFORM,10,0,lane_change_right,11,4.0894,-0.4693,0.1667
UNIFORM,10,0,lane_change_right,12,4.0182,-0.5139,0.1667
UNIFORM,10,0,lane_change_right,13,3.9483,-0.5596,0.1667
UNIFORM,10,0,lane_change_right,14,3.8760,-0.6006,0.1667
UNIFORM,10,0,lane_change_right,15,3.7991,-0.6356,0.1667
UNIFORM,11,0,constant_velocity,0,5.0000,0.0000,0.1667
UNIFORM,11,0,constant_velocity,1,4.8990,0.0025,0.1667
UNIFORM,11,0,constant_velocity,2,4.7972,0.0080,0.1667
UNIFORM,11,0,constant_velocity,3,4.6923,0.0059,0.1667
UNIFORM,11,0,constant_velocity,4,4.5868,0.0007,0.1667
UNIFORM,11,0,constant_velocity,5,4.4833,0.0015,0.1667
UNIFORM,11,0,constant_velocity,6,4.3798,0.0071,0.1667
UNIFORM,11,0,constant_velocity,7,4.2793,0.0181,0.1667
UNIFORM,11,0,constant_velocity,8,4.1812,0.0305,0.1667
UNIFORM,11,0,constant_velocity,9,4.0796,0.0421,0.1667
UNIFORM,11,0,constant_velocity,10,3.9766,0.0521,0.1667
UNIFORM,11,0,constant_velocity,11,3.8759,0.0587,0.1667
UNIFORM,11,0,constant_velocity,12,3.7765,0.0586,0.1667
UNIFORM,11,0,constant_velocity,13,3.6789,0.0544,0.1667
UNIFORM,11,0,constant_velocity,14,3.5777,0.0524,0.1667
UNIFORM,11,0,constant_velocity,15,3.4717,0.0578,0.1667
UNIFORM,12,0,lane_change_left,0,5.0000,0.0000,0.1667
UNIFORM,12,0,lane_change_left,1,4.8975,0.0321,0.1667
UNIFORM,12,0,lane_change_left,2,4.7905,0.0616,0.1667
UNIFORM,12,0,lane_change_left,3,4.6804,0.0826,0.1667
UNIFORM,12,0,lane_change_left,4,4.5728,0.1011,0.1667
UNIFORM,12,0,lane_change_left,5,4.4708,0.1221,0.1667
UNIFORM,12,0,lane_change_left,6,4.3725,0.1473,0.1667
UNIFORM,12,0,lane_change_left,7,4.2749,0.1718,0.1667
UNIFORM,12,0,lane_change_left,8,4.1739,0.1926,0.1667
UNIFORM,12,0,lane_change_left,9,4.0643,0.2162,0.1667
UNIFORM,12,0,lane_change_left,10,3.9436,0.2441,0.1667
UNIFORM,12,0,lane_change_left,11,3.8178,0.2742,0.1667
UNIFORM,12,0,lane_change_left,12,3.6903,0.3056,0.1667
UNIFORM,12,0,lane_change_left,13,3.5605,0.3361,0.1667
UNIFORM,12,0,lane_change_left,14,3.4273,0.3691,0.1667
UNIFORM,12,0,lane_change_left,15,3.2927,0.4063,0.1667
UNIFORM,13,0,turn_right,0,5.0000,0.0000,0.1667
UNIFORM,13,0,turn_right,1,4.8997,0.0015,0.1667
UNIFORM,13,0,turn_right,2,4.7983,0.0027,0.1667
UNIFORM,13,0,turn_right,3,4.6973,0.0025,0.1667
UNIFORM,13,0,turn_right,4,4.5941,0.0013,0.1667
UNIFORM,13,0,turn_right,5,4.4854,-0.0015,0.1667
UNIFORM,13,0,turn_right,6,4.3738,-0.0084,0.1667
UNIFORM,13,0,turn_right,7,4.2654,-0.0199,0.1667
UNIFORM,13,0,turn_right,8,4.1594,-0.0329,0.1667
UNIFORM,13,0,turn_right,9,4.0555,-0.0480,0.1667
UNIFORM,13,0,turn_right,10,3.9557,-0.0619,0.1667
UNIFORM,13,0,turn_right,11,3.8552,-0.0731,0.1667
UNIFORM,13,0,turn_right,12,3.7532,-0.0804,0.1667
UNIFORM,13,0,turn_right,13,3.6494,-0.0772,0.1667
UNIFORM,13,0,turn_right,14,3.5450,-0.0642,0.1667
UNIFORM,13,0,turn_right,15,3.4422,-0.0462,0.1667
UNIFORM,14,0,lane_change_right,0,5.0000,0.0000,0.1667
UNIFORM,14,0,lane_change_right,1,4.9008,-0.0295,0.1667
UNIFORM,14,0,lane_change_right,2,4.8064,-0.0570,0.1667
UNIFORM,14,0,lane_change_right,3,4.7144,-0.0797,0.1667
UNIFORM,14,0,lane_change_right,4,4.6189,-0.1006,0.1667
UNIFORM,14,0,lane_change_right,5,4.5194,-0.1254,0.1667
UNIFORM,14,0,lane_change_right,6,4.4186,-0.1532,0.1667
UNIFORM,14,0,lane_change_right,7,4.3100,-0.1823,0.1667
UNIFORM,14,0,lane_change_right,8,4.1914,-0.2099,0.1667
UNIFORM,14,0,lane_change_right,9,4.0701,-0.2289,0.1667
UNIFORM,14,0,lane_change_right,10,3.9509,-0.2425,0.1667
UNIFORM,14,0,lane_change_right,11,3.8380,-0.2558,0.1667
UNIFORM,14,0,lane_change_right,12,3.7286,-0.2658,0.1667
UNIFORM,14,0,lane_change_right,13,3.6200,-0.2731,0.1667
UNIFORM,14,0,lane_change_right,14,3.5135,-0.2748,0.1667
UNIFORM,14,0,lane_change_right,15,3.4097,-0.2724,0.1667
UNIFORM,15,0,lane_change_right,0,5.0000,0.0000,0.1667
UNIFORM,15,0,lane_change_right,1,4.9022,-0.0303,0.1667
UNIFORM,15,0,lane_change_right,2,4.8070,-0.0655,0.1667
UNIFORM,15,0,lane_change_right,3,4.7149,-0.1038,0.1667
UNIFORM,15,0,lane_change_right,4,4.6282,-0.1409,0.1667
UNIFORM,15,0,lane_change_right,5,4.5449,-0.1795,0.1667
UNIFORM,15,0,lane_change_right,6,4.4590,-0.2209,0.1667
UNIFORM,15,0,lane_change_right,7,4.3656,-0.2614,0.1667
UNIFORM,15,0,lane_change_right,8,4.2623,-0.2946,0.1667
UNIFORM,15,0,lane_change_right,9,4.1492,-0.3190,0.1667
UNIFORM,15,0,lane_change_right,10,4.0294,-0.3382,0.1667
UNIFORM,15,0,lane_change_right,11,3.9054,-0.3518,0.1667
UNIFORM,15,0,lane_change_right,12,3.7796,-0.3586,0.1667
UNIFORM,15,0,lane_change_right,13,3.6542,-0.3617,0.1667
UNIFORM,15,0,lane_change_right,14,3.5305,-0.3654,0.1667
UNIFORM,15,0,lane_change_right,15,3.4051,-0.3736,0.1667
UNIFORM,16,0,constant_velocity,0,5.0000,0.0000,0.1667
UNIFORM,16,0,constant_velocity,1,4.9042,0.0060,0.1667
UNIFORM,16,0,constant_velocity,2,4.8146,0.0171,0.1667
UNIFORM,16,0,constant_velocity,3,4.7260,0.0256,0.1667
UNIFORM,16,0,constant_velocity,4,4.6349,0.0313,0.1667
UNIFORM,16,0,constant_velocity,5,4.5472,0.0358,0.1667
UNIFORM,16,0,constant_velocity,6,4.4613,0.0399,0.1667
UNIFORM,16,0,constant_velocity,7,4.3727,0.0442,0.1667
UNIFORM,16,0,constant_velocity,8,4.2867,0.0488,0.1667
UNIFORM,16,0,constant_velocity,9,4.2045,0.0516,0.1667
UNIFORM,16,0,constant_velocity,10,4.1287,0.0531,0.1667
UNIFORM,16,0,constant_velocity,11,4.0584,0.0533,0.1667
UNIFORM,16,0,constant_velocity,12,3.9903,0.0531,0.1667
UNIFORM,16,0,constant_velocity,13,3.9204,0.0504,0.1667
UNIFORM,16,0,constant_velocity,14,3.8483,0.0423,0.1667
UNIFORM,16,0,constant_velocity,15,3.7776,0.0298,0.1667
UNIFORM,17,0,turn_right,0,5.0000,0.0000,0.1667
UNIFORM,17,0,turn_right,1,4.9002,0.0008,0.1667
UNIFORM,17,0,turn_right,2,4.7989,-0.0006,0.1667
UNIFORM,17,0,turn_right,3,4.6903,-0.0028,0.1667
UNIFORM,17,0,turn_right,4,4.5754,0.0028,0.1667
UNIFORM,17,0,turn_right,5,4.4641,0.0188,0.1667
UNIFORM,17,0,turn_right,6,4.3625,0.0428,0.1667
UNIFORM,17,0,turn_right,7,4.2620,0.0758,0.1667
UNIFORM,17,0,turn_right,8,4.1593,0.1139,0.1667
UNIFORM,17,0,turn_right,9,4.0560,0.1558,0.1667
UNIFORM,17,0,turn_right,10,3.9454,0.2023,0.1667
UNIFORM,17,0,turn_right,11,3.8294,0.2491,0.1667
UNIFORM,17,0,turn_right,12,3.7163,0.2961,0.1667
UNIFORM,17,0,turn_right,13,3.6080,0.3486,0.1667
UNIFORM,17,0,turn_right,14,3.5018,0.4077,0.1667
UNIFORM,17,0,turn_right,15,3.3995,0.4725,0.1667
UNIFORM,18,0,turn_left,0,5.0000,0.0000,0.1667
UNIFORM,18,0,turn_left,1,4.8957,0.0035,0.1667
UNIFORM,18,0,turn_left,2,4.7857,0.0116,0.1667
UNIFORM,18,0,turn_left,3,4.6759,0.0155,0.1667
UNIFORM,18,0,turn_left,4,4.5724,0.0148,0.1667
UNIFORM,18,0,turn_left,5,4.4731,0.0122,0.1667
UNIFORM,18,0,turn_left,6,4.3752,0.0069,0.1667
UNIFORM,18,0,turn_left,7,4.2816,-0.0054,0.1667
UNIFORM,18,0,turn_left,8,4.1889,-0.0301,0.1667
UNIFORM,18,0,turn_left,9,4.1003,-0.0579,0.1667
UNIFORM,18,0,turn_left,10,4.0189,-0.0858,0.1667
UNIFORM,18,0,turn_left,11,3.9460,-0.1202,0.1667
UNIFORM,18,0,turn_left,12,3.8797,-0.1576,0.1667
UNIFORM,18,0,turn_left,13,3.8151,-0.1950,0.1667
UNIFORM,18,0,turn_left,14,3.7545,-0.2331,0.1667
UNIFORM,18,0,turn_left,15,3.6984,-0.2737,0.1667
UNIFORM,19,0,turn_left,0,5.0000,0.0000,0.1667
UNIFORM,19,0,turn_left,1,4.9014,-0.0013,0.1667
UNIFORM,19,0,turn_left,2,4.8054,-0.0025,0.1667
UNIFORM,19,0,turn_left,3,4.7093,-0.0071,0.1667
UNIFORM,19,0,turn_left,4,4.6139,-0.0157,0.1667
UNIFORM,19,0,turn_left,5,4.5227,-0.0308,0.1667
UNIFORM,19,0,turn_left,6,4.4329,-0.0480,0.1667
UNIFORM,19,0,turn_left,7,4.3436,-0.0625,0.1667
UNIFORM,19,0,turn_left,8,4.2579,-0.0733,0.1667
UNIFORM,19,0,turn_left,9,4.1792,-0.0851,0.1667
UNIFORM,19,0,turn_left,10,4.1030,-0.1071,0.1667
UNIFORM,19,0,turn_left,11,4.0227,-0.1353,0.1667
UNIFORM,19,0,turn_left,12,3.9420,-0.1697,0.1667
UNIFORM,19,0,turn_left,13,3.8584,-0.2122,0.1667
UNIFORM,19,0,turn_left,14,3.7738,-0.2565,0.1667
UNIFORM,19,0,turn_left,15,3.6971,-0.3006,0.1667
FREQUENCY,0,0,turn_left,0,5.0000,0.0000,0.2500
FREQUENCY,0,0,turn_left,1,4.9014,-0.0045,0.2500
FREQUENCY,0,0,turn_left,2,4.8014,-0.0082,0.2500
FREQUENCY,0,0,turn_left,3,4.6982,-0.0119,0.2500
FREQUENCY,0,0,turn_left,4,4.5927,-0.0220,0.2500
FREQUENCY,0,0,turn_left,5,4.4842,-0.0360,0.2500
FREQUENCY,0,0,turn_left,6,4.3755,-0.0526,0.2500
FREQUENCY,0,0,turn_left,7,4.2716,-0.0682,0.2500
FREQUENCY,0,0,turn_left,8,4.1657,-0.0816,0.2500
FREQUENCY,0,0,turn_left,9,4.0535,-0.0971,0.2500
FREQUENCY,0,0,turn_left,10,3.9374,-0.1128,0.2500
FREQUENCY,0,0,turn_left,11,3.8180,-0.1274,0.2500
FREQUENCY,0,0,turn_left,12,3.7001,-0.1426,0.2500
FREQUENCY,0,0,turn_left,13,3.5829,-0.1593,0.2500
FREQUENCY,0,0,turn_left,14,3.4658,-0.1780,0.2500
FREQUENCY,0,0,turn_left,15,3.3491,-0.1986,0.2500
FREQUENCY,1,0,constant_velocity,0,5.0000,0.0000,0.7500
FREQUENCY,1,0,constant_velocity,1,4.9019,-0.0028,0.7500
FREQUENCY,1,0,constant_velocity,2,4.8087,-0.0073,0.7500
FREQUENCY,1,0,constant_velocity,3,4.7173,-0.0139,0.7500
FREQUENCY,1,0,constant_velocity,4,4.6263,-0.0251,0.7500
FREQUENCY,1,0,constant_velocity,5,4.5333,-0.0389,0.7500
FREQUENCY,1,0,constant_velocity,6,4.4357,-0.0535,0.7500
FREQUENCY,1,0,constant_velocity,7,4.3365,-0.0648,0.7500
FREQUENCY,1,0,constant_velocity,8,4.2386,-0.0736,0.7500
FREQUENCY,1,0,constant_velocity,9,4.1402,-0.0799,0.7500
FREQUENCY,1,0,constant_velocity,10,4.0415,-0.0766,0.7500
FREQUENCY,1,0,constant_velocity,11,3.9454,-0.0625,0.7500
FREQUENCY,1,0,constant_velocity,12,3.8511,-0.0441,0.7500
FREQUENCY,1,0,constant_velocity,13,3.7542,-0.0237,0.7500
FREQUENCY,1,0,constant_velocity,14,3.6514,-0.0027,0.7500
FREQUENCY,1,0,constant_velocity,15,3.5464,0.0163,0.7500
FREQUENCY,2,0,constant_velocity,0,5.0000,0.0000,0.7500
FREQUENCY,2,0,constant_velocity,1,4.9016,-0.0023,0.7500
FREQUENCY,2,0,constant_velocity,2,4.8060,-0.0035,0.7500
FREQUENCY,2,0,constant_velocity,3,4.7121,-0.0001,0.7500
FREQUENCY,2,0,constant_velocity,4,4.6164,0.0046,0.7500
FREQUENCY,2,0,constant_velocity,5,4.5222,0.0062,0.7500
FREQUENCY,2,0,constant_velocity,6,4.4341,0.0093,0.7500
FREQUENCY,2,0,constant_velocity,7,4.3495,0.0125,0.7500
FREQUENCY,2,0,constant_velocity,8,4.2668,0.0113,0.7500
FREQUENCY,2,0,constant_velocity,9,4.1861,0.0118,0.7500
FREQUENCY,2,0,constant_velocity,10,4.1047,0.0119,0.7500
FREQUENCY,2,0,constant_velocity,11,4.0209,0.0076,0.7500
FREQUENCY,2,0,constant_velocity,12,3.9371,0.0005,0.7500
FREQUENCY,2,0,constant_velocity,13,3.8603,-0.0094,0.7500
FREQUENCY,2,0,constant_velocity,14,3.7881,-0.0208,0.7500
FREQUENCY,2,0,constant_velocity,15,3.7162,-0.0254,0.7500
FREQUENCY,3,0,constant_velocity,0,5.0000,0.0000,0.7500
FREQUENCY,3,0,constant_velocity,1,4.9003,0.0015,0.7500
FREQUENCY,3,0,constant_velocity,2,4.8028,0.0055,0.7500
FREQUENCY,3,0,constant_velocity,3,4.7033,0.0125,0.7500
FREQUENCY,3,0,constant_velocity,4,4.5999,0.0195,0.7500
FREQUENCY,3,0,constant_velocity,5,4.4952,0.0205,0.7500
FREQUENCY,3,0,constant_velocity,6,4.3886,0.0199,0.7500
FREQUENCY,3,0,constant_velocity,7,4.2804,0.0190,0.7500
FREQUENCY,3,0,constant_velocity,8,4.1706,0.0172,0.7500
FREQUENCY,3,0,constant_velocity,9,4.0569,0.0139,0.7500
FREQUENCY,3,0,constant_velocity,10,3.9401,0.0050,0.7500
FREQUENCY,3,0,constant_velocity,11,3.8284,-0.0074,0.7500
FREQUENCY,3,0,constant_velocity,12,3.7194,-0.0223,0.7500
FREQUENCY,3,0,constant_velocity,13,3.6069,-0.0406,0.7500
FREQUENCY,3,0,constant_velocity,14,3.4879,-0.0572,0.7500
FREQUENCY,3,0,constant_velocity,15,3.3637,-0.0707,0.7500
FREQUENCY,4,0,constant_velocity,0,5.0000,0.0000,0.7500
FREQUENCY,4,0,constant_velocity,1,4.9027,0.0025,0.7500
FREQUENCY,4,0,constant_velocity,2,4.8070,0.0073,0.7500
FREQUENCY,4,0,constant_velocity,3,4.7134,0.0084,0.7500
FREQUENCY,4,0,constant_velocity,4,4.6236,0.0108,0.7500
FREQUENCY,4,0,constant_velocity,5,4.5396,0.0133,0.7500
FREQUENCY,4,0,constant_velocity,6,4.4586,0.0113,0.7500
FREQUENCY,4,0,constant_velocity,7,4.3725,0.0082,0.7500
FREQUENCY,4,0,constant_velocity,8,4.2826,0.0068,0.7500
FREQUENCY,4,0,constant_velocity,9,4.1923,0.0095,0.7500
FREQUENCY,4,0,constant_velocity,10,4.1032,0.0141,0.7500
FREQUENCY,4,0,constant_velocity,11,4.0154,0.0171,0.7500
FREQUENCY,4,0,constant_velocity,12,3.9297,0.0181,0.7500
FREQUENCY,4,0,constant_velocity,13,3.8432,0.0185,0.7500
FREQUENCY,4,0,constant_velocity,14,3.7562,0.0188,0.7500
FREQUENCY,4,0,constant_velocity,15,3.6695,0.0198,0.7500
FREQUENCY,5,0,turn_left,0,5.0000,0.0000,0.2500
FREQUENCY,5,0,turn_left,1,4.9011,-0.0092,0.2500
FREQUENCY,5,0,turn_left,2,4.8050,-0.0251,0.2500
FREQUENCY,5,0,turn_left,3,4.7085,-0.0399,0.2500
FREQUENCY,5,0,turn_left,4,4.6149,-0.0550,0.2500
FREQUENCY,5,0,turn_left,5,4.5250,-0.0730,0.2500
FREQUENCY,5,0,turn_left,6,4.4342,-0.0941,0.2500
FREQUENCY,5,0,turn_left,7,4.3441,-0.1158,0.2500
FREQUENCY,5,0,turn_left,8,4.2546,-0.1384,0.2500
FREQUENCY,5,0,turn_left,9,4.1677,-0.1659,0.2500
FREQUENCY,5,0,turn_left,10,4.0846,-0.1984,0.2500
FREQUENCY,5,0,turn_left,11,4.0049,-0.2336,0.2500
FREQUENCY,5,0,turn_left,12,3.9304,-0.2689,0.2500
FREQUENCY,5,0,turn_left,13,3.8538,-0.3008,0.2500
FREQUENCY,5,0,turn_left,14,3.7711,-0.3348,0.2500
FREQUENCY,5,0,turn_left,15,3.6798,-0.3762,0.2500
FREQUENCY,6,0,turn_left,0,5.0000,0.0000,0.2500
FREQUENCY,6,0,turn_left,1,4.8967,-0.0031,0.2500
FREQUENCY,6,0,turn_left,2,4.7936,-0.0112,0.2500
FREQUENCY,6,0,turn_left,3,4.6918,-0.0214,0.2500
FREQUENCY,6,0,turn_left,4,4.5895,-0.0244,0.2500
FREQUENCY,6,0,turn_left,5,4.4853,-0.0209,0.2500
FREQUENCY,6,0,turn_left,6,4.3785,-0.0186,0.2500
FREQUENCY,6,0,turn_left,7,4.2748,-0.0195,0.2500
FREQUENCY,6,0,turn_left,8,4.1686,-0.0256,0.2500
FREQUENCY,6,0,turn_left,9,4.0612,-0.0343,0.2500
FREQUENCY,6,0,turn_left,10,3.9566,-0.0418,0.2500
FREQUENCY,6,0,turn_left,11,3.8582,-0.0514,0.2500
FREQUENCY,6,0,turn_left,12,3.7671,-0.0632,0.2500
FREQUENCY,6,0,turn_left,13,3.6778,-0.0783,0.2500
FREQUENCY,6,0,turn_left,14,3.5921,-0.1016,0.2500
FREQUENCY,6,0,turn_left,15,3.5096,-0.1322,0.2500
FREQUENCY,7,0,constant_velocity,0,5.0000,0.0000,0.7500
FREQUENCY,7,0,constant_velocity,1,4.8976,-0.0015,0.7500
FREQUENCY,7,0,constant_velocity,2,4.7926,-0.0088,0.7500
FREQUENCY,7,0,constant_velocity,3,4.6839,-0.0246,0.7500
FREQUENCY,7,0,constant_velocity,4,4.5691,-0.0410,0.7500
FREQUENCY,7,0,constant_velocity,5,4.4492,-0.0565,0.7500
FREQUENCY,7,0,constant_velocity,6,4.3294,-0.0756,0.7500
FREQUENCY,7,0,constant_velocity,7,4.2128,-0.0977,0.7500
FREQUENCY,7,0,constant_velocity,8,4.0928,-0.1204,0.7500
FREQUENCY,7,0,constant_velocity,9,3.9644,-0.1433,0.7500
FREQUENCY,7,0,constant_velocity,10,3.8302,-0.1669,0.7500
FREQUENCY,7,0,constant_velocity,11,3.6929,-0.1904,0.7500
FREQUENCY,7,0,constant_velocity,12,3.5503,-0.2092,0.7500
FREQUENCY,7,0,constant_velocity,13,3.4007,-0.2200,0.7500
FREQUENCY,7,0,constant_velocity,14,3.2486,-0.2274,0.7500
FREQUENCY,7,0,constant_velocity,15,3.0977,-0.2392,0.7500
FREQUENCY,8,0,constant_velocity,0,5.0000,0.0000,0.7500
FREQUENCY,8,0,constant_velocity,1,4.8986,0.0019,0.7500
FREQUENCY,8,0,constant_velocity,2,4.7958,0.0071,0.7500
FREQUENCY,8,0,constant_velocity,3,4.6919,0.0147,0.7500
FREQUENCY,8,0,constant_velocity,4,4.5912,0.0215,0.7500
FREQUENCY,8,0,constant_velocity,5,4.4943,0.0253,0.7500
FREQUENCY,8,0,constant_velocity,6,4.4012,0.0267,0.7500
FREQUENCY,8,0,constant_velocity,7,4.3102,0.0257,0.7500
FREQUENCY,8,0,constant_velocity,8,4.2170,0.0211,0.7500
FREQUENCY,8,0,constant_velocity,9,4.1226,0.0151,0.7500
FREQUENCY,8,0,constant_velocity,10,4.0270,0.0114,0.7500
FREQUENCY,8,0,constant_velocity,11,3.9303,0.0094,0.7500
FREQUENCY,8,0,constant_velocity,12,3.8334,0.0124,0.7500
FREQUENCY,8,0,constant_velocity,13,3.7353,0.0259,0.7500
FREQUENCY,8,0,constant_velocity,14,3.6323,0.0447,0.7500
FREQUENCY,8,0,constant_velocity,15,3.5254,0.0621,0.7500
FREQUENCY,9,0,constant_velocity,0,5.0000,0.0000,0.7500
FREQUENCY,9,0,constant_velocity,1,4.8993,-0.0015,0.7500
FREQUENCY,9,0,constant_velocity,2,4.7965,-0.0018,0.7500
FREQUENCY,9,0,constant_velocity,3,4.6977,-0.0006,0.7500
FREQUENCY,9,0,constant_velocity,4,4.6033,0.0007,0.7500
FREQUENCY,9,0,constant_velocity,5,4.5160,0.0035,0.7500
FREQUENCY,9,0,constant_velocity,6,4.4392,0.0104,0.7500
FREQUENCY,9,0,constant_velocity,7,4.3656,0.0235,0.7500
FREQUENCY,9,0,constant_velocity,8,4.2945,0.0414,0.7500
FREQUENCY,9,0,constant_velocity,9,4.2222,0.0624,0.7500
FREQUENCY,9,0,constant_velocity,10,4.1486,0.0852,0.7500
FREQUENCY,9,0,constant_velocity,11,4.0790,0.1102,0.7500
FREQUENCY,9,0,constant_velocity,12,4.0095,0.1378,0.7500
FREQUENCY,9,0,constant_velocity,13,3.9348,0.1651,0.7500
FREQUENCY,9,0,constant_velocity,14,3.8569,0.1904,0.7500
FREQUENCY,9,0,constant_velocity,15,3.7741,0.2182,0.7500
FREQUENCY,10,0,constant_velocity,0,5.0000,0.0000,0.7500
FREQUENCY,10,0,constant_velocity,1,4.9039,-0.0025,0.7500
FREQUENCY,10,0,constant_velocity,2,4.8086,-0.0094,0.7500
FREQUENCY,10,0,constant_velocity,3,4.7150,-0.0186,0.7500
FREQUENCY,10,0,constant_velocity,4,4.6277,-0.0282,0.7500
FREQUENCY,10,0,constant_velocity,5,4.5415,-0.0397,0.7500
FREQUENCY,10,0,constant_velocity,6,4.4551,-0.0511,0.7500
FREQUENCY,10,0,constant_velocity,7,4.3731,-0.0660,0.7500
FREQUENCY,10,0,constant_velocity,8,4.2993,-0.0842,0.7500
FREQUENCY,10,0,constant_velocity,9,4.2286,-0.1026,0.7500
FREQUENCY,10,0,constant_velocity,10,4.1596,-0.1217,0.7500
FREQUENCY,10,0,constant_velocity,11,4.0894,-0.1393,0.7500
FREQUENCY,10,0,constant_velocity,12,4.0182,-0.1539,0.7500
FREQUENCY,10,0,constant_velocity,13,3.9483,-0.1696,0.7500
FREQUENCY,10,0,constant_velocity,14,3.8760,-0.1806,0.7500
FREQUENCY,10,0,constant_velocity,15,3.7991,-0.1856,0.7500
FREQUENCY,11,0,constant_velocity,0,5.0000,0.0000,0.7500
FREQUENCY,11,0,constant_velocity,1,4.8990,0.0025,0.7500
FREQUENCY,11,0,constant_velocity,2,4.7972,0.0080,0.7500
FREQUENCY,11,0,constant_velocity,3,4.6923,0.0059,0.7500
FREQUENCY,11,0,constant_velocity,4,4.5868,0.0007,0.7500
FREQUENCY,11,0,constant_velocity,5,4.4833,0.0015,0.7500
FREQUENCY,11,0,constant_velocity,6,4.3798,0.0071,0.7500
FREQUENCY,11,0,constant_velocity,7,4.2793,0.0181,0.7500
FREQUENCY,11,0,constant_velocity,8,4.1812,0.0305,0.7500
FREQUENCY,11,0,constant_velocity,9,4.0796,0.0421,0.7500
FREQUENCY,11,0,constant_velocity,10,3.9766,0.0521,0.7500
FREQUENCY,11,0,constant_velocity,11,3.8759,0.0587,0.7500
FREQUENCY,11,0,constant_velocity,12,3.7765,0.0586,0.7500
FREQUENCY,11,0,constant_velocity,13,3.6789,0.0544,0.7500
FREQUENCY,11,0,constant_velocity,14,3.5777,0.0524,0.7500
FREQUENCY,11,0,constant_velocity,15,3.4717,0.0578,0.7500
FREQUENCY,12,0,constant_velocity,0,5.0000,0.0000,0.7500
FREQUENCY,12,0,constant_velocity,1,4.8975,0.0021,0.7500
FREQUENCY,12,0,constant_velocity,2,4.7905,0.0016,0.7500
FREQUENCY,12,0,constant_velocity,3,4.6804,-0.0074,0.7500
FREQUENCY,12,0,constant_velocity,4,4.5728,-0.0189,0.7500
FREQUENCY,12,0,constant_velocity,5,4.4708,-0.0279,0.7500
FREQUENCY,12,0,constant_velocity,6,4.3725,-0.0327,0.7500
FREQUENCY,12,0,constant_velocity,7,4.2749,-0.0382,0.7500
FREQUENCY,12,0,constant_velocity,8,4.1739,-0.0474,0.7500
FREQUENCY,12,0,constant_velocity,9,4.0643,-0.0538,0.7500
FREQUENCY,12,0,constant_velocity,10,3.9436,-0.0559,0.7500
FREQUENCY,12,0,constant_velocity,11,3.8178,-0.0558,0.7500
FREQUENCY,12,0,constant_velocity,12,3.6903,-0.0544,0.7500
FREQUENCY,12,0,constant_velocity,13,3.5605,-0.0539,0.7500
FREQUENCY,12,0,constant_velocity,14,3.4273,-0.0509,0.7500
FREQUENCY,12,0,constant_velocity,15,3.2927,-0.0437,0.7500
FREQUENCY,13,0,turn_left,0,5.0000,0.0000,0.2500
FREQUENCY,13,0,turn_left,1,4.8997,-0.0045,0.2500
FREQUENCY,13,0,turn_left,2,4.7985,-0.0154,0.2500
FREQUENCY,13,0,turn_left,3,4.6981,-0.0337,0.2500
FREQUENCY,13,0,turn_left,4,4.5961,-0.0591,0.2500
FREQUENCY,13,0,turn_left,5,4.4896,-0.0923,0.2500
FREQUENCY,13,0,turn_left,6,4.3815,-0.1362,0.2500
FREQUENCY,13,0,turn_left,7,4.2784,-0.1913,0.2500
FREQUENCY,13,0,turn_left,8,4.1797,-0.2541,0.2500
FREQUENCY,13,0,turn_left,9,4.0857,-0.3251,0.2500
FREQUENCY,13,0,turn_left,10,3.9985,-0.4006,0.2500
FREQUENCY,13,0,turn_left,11,3.9131,-0.4789,0.2500
FREQUENCY,13,0,turn_left,12,3.8291,-0.5590,0.2500
FREQUENCY,13,0,turn_left,13,3.7456,-0.6341,0.2500
FREQUENCY,13,0,turn_left,14,3.6635,-0.7050,0.2500
FREQUENCY,13,0,turn_left,15,3.5846,-0.7765,0.2500
FREQUENCY,14,0,constant_velocity,0,5.0000,0.0000,0.7500
FREQUENCY,14,0,constant_velocity,1,4.9008,0.0005,0.7500
FREQUENCY,14,0,constant_velocity,2,4.8064,0.0030,0.7500
FREQUENCY,14,0,constant_velocity,3,4.7144,0.0103,0.7500
FREQUENCY,14,0,constant_velocity,4,4.6189,0.0194,0.7500
FREQUENCY,14,0,constant_velocity,5,4.5194,0.0246,0.7500
FREQUENCY,14,0,constant_velocity,6,4.4186,0.0268,0.7500
FREQUENCY,14,0,constant_velocity,7,4.3100,0.0277,0.7500
FREQUENCY,14,0,constant_velocity,8,4.1914,0.0301,0.7500
FREQUENCY,14,0,constant_velocity,9,4.0701,0.0411,0.7500
FREQUENCY,14,0,constant_velocity,10,3.9509,0.0575,0.7500
FREQUENCY,14,0,constant_velocity,11,3.8380,0.0742,0.7500
FREQUENCY,14,0,constant_velocity,12,3.7286,0.0942,0.7500
FREQUENCY,14,0,constant_velocity,13,3.6200,0.1169,0.7500
FREQUENCY,14,0,constant_velocity,14,3.5135,0.1452,0.7500
FREQUENCY,14,0,constant_velocity,15,3.4097,0.1776,0.7500
FREQUENCY,15,0,constant_velocity,0,5.0000,0.0000,0.7500
FREQUENCY,15,0,constant_velocity,1,4.9022,-0.0003,0.7500
FREQUENCY,15,0,constant_velocity,2,4.8070,-0.0055,0.7500
FREQUENCY,15,0,constant_velocity,3,4.7149,-0.0138,0.7500
FREQUENCY,15,0,constant_velocity,4,4.6282,-0.0209,0.7500
FREQUENCY,15,0,constant_velocity,5,4.5449,-0.0295,0.7500
FREQUENCY,15,0,constant_velocity,6,4.4590,-0.0409,0.7500
FREQUENCY,15,0,constant_velocity,7,4.3656,-0.0514,0.7500
FREQUENCY,15,0,constant_velocity,8,4.2623,-0.0546,0.7500
FREQUENCY,15,0,constant_velocity,9,4.1492,-0.0490,0.7500
FREQUENCY,15,0,constant_velocity,10,4.0294,-0.0382,0.7500
FREQUENCY,15,0,constant_velocity,11,3.9054,-0.0218,0.7500
FREQUENCY,15,0,constant_velocity,12,3.7796,0.0014,0.7500
FREQUENCY,15,0,constant_velocity,13,3.6542,0.0283,0.7500
FREQUENCY,15,0,constant_velocity,14,3.5305,0.0546,0.7500
FREQUENCY,15,0,constant_velocity,15,3.4051,0.0764,0.7500
FREQUENCY,16,0,constant_velocity,0,5.0000,0.0000,0.7500
FREQUENCY,16,0,constant_velocity,1,4.9042,0.0060,0.7500
FREQUENCY,16,0,constant_velocity,2,4.8146,0.0171,0.7500
FREQUENCY,16,0,constant_velocity,3,4.7260,0.0256,0.7500
FREQUENCY,16,0,constant_velocity,4,4.6349,0.0313,0.7500
FREQUENCY,16,0,constant_velocity,5,4.5472,0.0358,0.7500
FREQUENCY,16,0,constant_velocity,6,4.4613,0.0399,0.7500
FREQUENCY,16,0,constant_velocity,7,4.3727,0.0442,0.7500
FREQUENCY,16,0,constant_velocity,8,4.2867,0.0488,0.7500
FREQUENCY,16,0,constant_velocity,9,4.2045,0.0516,0.7500
FREQUENCY,16,0,constant_velocity,10,4.1287,0.0531,0.7500
FREQUENCY,16,0,constant_velocity,11,4.0584,0.0533,0.7500
FREQUENCY,16,0,constant_velocity,12,3.9903,0.0531,0.7500
FREQUENCY,16,0,constant_velocity,13,3.9204,0.0504,0.7500
FREQUENCY,16,0,constant_velocity,14,3.8483,0.0423,0.7500
FREQUENCY,16,0,constant_velocity,15,3.7776,0.0298,0.7500
FREQUENCY,17,0,turn_left,0,5.0000,0.0000,0.2500
FREQUENCY,17,0,turn_left,1,4.9002,-0.0052,0.2500
FREQUENCY,17,0,turn_left,2,4.7992,-0.0185,0.2500
FREQUENCY,17,0,turn_left,3,4.6914,-0.0389,0.2500
FREQUENCY,17,0,turn_left,4,4.5782,-0.0582,0.2500
FREQUENCY,17,0,turn_left,5,4.4686,-0.0741,0.2500
FREQUENCY,17,0,turn_left,6,4.3686,-0.0883,0.2500
FREQUENCY,17,0,turn_left,7,4.2692,-0.0992,0.2500
FREQUENCY,17,0,turn_left,8,4.1668,-0.1113,0.2500
FREQUENCY,17,0,turn_left,9,4.0631,-0.1256,0.2500
FREQUENCY,17,0,turn_left,10,3.9511,-0.1417,0.2500
FREQUENCY,17,0,turn_left,11,3.8328,-0.1645,0.2500
FREQUENCY,17,0,turn_left,12,3.7169,-0.1941,0.2500
FREQUENCY,17,0,turn_left,13,3.6053,-0.2250,0.2500
FREQUENCY,17,0,turn_left,14,3.4950,-0.2558,0.2500
FREQUENCY,17,0,turn_left,15,3.3876,-0.2873,0.2500
FREQUENCY,18,0,constant_velocity,0,5.0000,0.0000,0.7500
FREQUENCY,18,0,constant_velocity,1,4.8956,0.0065,0.7500
FREQUENCY,18,0,constant_velocity,2,4.7858,0.0209,0.7500
FREQUENCY,18,0,constant_velocity,3,4.6765,0.0344,0.7500
FREQUENCY,18,0,constant_velocity,4,4.5735,0.0465,0.7500
FREQUENCY,18,0,constant_velocity,5,4.4745,0.0597,0.7500
FREQUENCY,18,0,constant_velocity,6,4.3769,0.0732,0.7500
FREQUENCY,18,0,constant_velocity,7,4.2834,0.0826,0.7500
FREQUENCY,18,0,constant_velocity,8,4.1903,0.0824,0.7500
FREQUENCY,18,0,constant_velocity,9,4.1002,0.0818,0.7500
FREQUENCY,18,0,constant_velocity,10,4.0168,0.0836,0.7500
FREQUENCY,18,0,constant_velocity,11,3.9408,0.0814,0.7500
FREQUENCY,18,0,constant_velocity,12,3.8703,0.0780,0.7500
FREQUENCY,18,0,constant_velocity,13,3.8004,0.0767,0.7500
FREQUENCY,18,0,constant_velocity,14,3.7334,0.0767,0.7500
FREQUENCY,18,0,constant_velocity,15,3.6697,0.0758,0.7500
FREQUENCY,19,0,constant_velocity,0,5.0000,0.0000,0.7500
FREQUENCY,19,0,constant_velocity,1,4.9013,0.0017,0.7500
FREQUENCY,19,0,constant_velocity,2,4.8053,0.0064,0.7500
FREQUENCY,19,0,constant_velocity,3,4.7091,0.0106,0.7500
FREQUENCY,19,0,constant_velocity,4,4.6133,0.0136,0.7500
FREQUENCY,19,0,constant_velocity,5,4.5214,0.0130,0.7500
FREQUENCY,19,0,constant_velocity,6,4.4304,0.0129,0.7500
FREQUENCY,19,0,constant_velocity,7,4.3394,0.0184,0.7500
FREQUENCY,19,0,constant_velocity,8,4.2517,0.0300,0.7500
FREQUENCY,19,0,constant_velocity,9,4.1706,0.0433,0.7500
FREQUENCY,19,0,constant_velocity,10,4.0916,0.0485,0.7500
FREQUENCY,19,0,constant_velocity,11,4.0076,0.0499,0.7500
FREQUENCY,19,0,constant_velocity,12,3.9224,0.0476,0.7500
FREQUENCY,19,0,constant_velocity,13,3.8331,0.0395,0.7500
FREQUENCY,19,0,constant_velocity,14,3.7415,0.0323,0.7500
FREQUENCY,19,0,constant_velocity,15,3.6564,0.0276,0.7500
RECENCY,0,0,turn_left,0,5.0000,0.0000,0.3336
RECENCY,0,0,turn_left,1,4.9014,-0.0045,0.3336
RECENCY,0,0,turn_left,2,4.8014,-0.0082,0.3336
RECENCY,0,0,turn_left,3,4.6982,-0.0119,0.3336
RECENCY,0,0,turn_left,4,4.5927,-0.0220,0.3336
RECENCY,0,0,turn_left,5,4.4842,-0.0360,0.3336
RECENCY,0,0,turn_left,6,4.3755,-0.0526,0.3336
RECENCY,0,0,turn_left,7,4.2716,-0.0682,0.3336
RECENCY,0,0,turn_left,8,4.1657,-0.0816,0.3336
RECENCY,0,0,turn_left,9,4.0535,-0.0971,0.3336
RECENCY,0,0,turn_left,10,3.9374,-0.1128,0.3336
RECENCY,0,0,turn_left,11,3.8180,-0.1274,0.3336
RECENCY,0,0,turn_left,12,3.7001,-0.1426,0.3336
RECENCY,0,0,turn_left,13,3.5829,-0.1593,0.3336
RECENCY,0,0,turn_left,14,3.4658,-0.1780,0.3336
RECENCY,0,0,turn_left,15,3.3491,-0.1986,0.3336
RECENCY,1,0,constant_velocity,0,5.0000,0.0000,0.6664
RECENCY,1,0,constant_velocity,1,4.9019,-0.0028,0.6664
RECENCY,1,0,constant_velocity,2,4.8087,-0.0073,0.6664
RECENCY,1,0,constant_velocity,3,4.7173,-0.0139,0.6664
RECENCY,1,0,constant_velocity,4,4.6263,-0.0251,0.6664
RECENCY,1,0,constant_velocity,5,4.5333,-0.0389,0.6664
RECENCY,1,0,constant_velocity,6,4.4357,-0.0535,0.6664
RECENCY,1,0,constant_velocity,7,4.3365,-0.0648,0.6664
RECENCY,1,0,constant_velocity,8,4.2386,-0.0736,0.6664
RECENCY,1,0,constant_velocity,9,4.1402,-0.0799,0.6664
RECENCY,1,0,constant_velocity,10,4.0415,-0.0766,0.6664
RECENCY,1,0,constant_velocity,11,3.9454,-0.0625,0.6664
RECENCY,1,0,constant_velocity,12,3.8511,-0.0441,0.6664
RECENCY,1,0,constant_velocity,13,3.7542,-0.0237,0.6664
RECENCY,1,0,constant_velocity,14,3.6514,-0.0027,0.6664
RECENCY,1,0,constant_velocity,15,3.5464,0.0163,0.6664
RECENCY,2,0,constant_velocity,0,5.0000,0.0000,0.6664
RECENCY,2,0,constant_velocity,1,4.9016,-0.0023,0.6664
RECENCY,2,0,constant_velocity,2,4.8060,-0.0035,0.6664
RECENCY,2,0,constant_velocity,3,4.7121,-0.0001,0.6664
RECENCY,2,0,constant_velocity,4,4.6164,0.0046,0.6664
RECENCY,2,0,constant_velocity,5,4.5222,0.0062,0.6664
RECENCY,2,0,constant_velocity,6,4.4341,0.0093,0.6664
RECENCY,2,0,constant_velocity,7,4.3495,0.0125,0.6664
RECENCY,2,0,constant_velocity,8,4.2668,0.0113,0.6664
RECENCY,2,0,constant_velocity,9,4.1861,0.0118,0.6664
RECENCY,2,0,constant_velocity,10,4.1047,0.0119,0.6664
RECENCY,2,0,constant_velocity,11,4.0209,0.0076,0.6664
RECENCY,2,0,constant_velocity,12,3.9371,0.0005,0.6664
RECENCY,2,0,constant_velocity,13,3.8603,-0.0094,0.6664
RECENCY,2,0,constant_velocity,14,3.7881,-0.0208,0.6664
RECENCY,2,0,constant_velocity,15,3.7162,-0.0254,0.6664
RECENCY,3,0,constant_velocity,0,5.0000,0.0000,0.6664
RECENCY,3,0,constant_velocity,1,4.9003,0.0015,0.6664
RECENCY,3,0,constant_velocity,2,4.8028,0.0055,0.6664
RECENCY,3,0,constant_velocity,3,4.7033,0.0125,0.6664
RECENCY,3,0,constant_velocity,4,4.5999,0.0195,0.6664
RECENCY,3,0,constant_velocity,5,4.4952,0.0205,0.6664
RECENCY,3,0,constant_velocity,6,4.3886,0.0199,0.6664
RECENCY,3,0,constant_velocity,7,4.2804,0.0190,0.6664
RECENCY,3,0,constant_velocity,8,4.1706,0.0172,0.6664
RECENCY,3,0,constant_velocity,9,4.0569,0.0139,0.6664
RECENCY,3,0,constant_velocity,10,3.9401,0.0050,0.6664
RECENCY,3,0,constant_velocity,11,3.8284,-0.0074,0.6664
RECENCY,3,0,constant_velocity,12,3.7194,-0.0223,0.6664
RECENCY,3,0,constant_velocity,13,3.6069,-0.0406,0.6664
RECENCY,3,0,constant_velocity,14,3.4879,-0.0572,0.6664
RECENCY,3,0,constant_velocity,15,3.3637,-0.0707,0.6664
RECENCY,4,0,constant_velocity,0,5.0000,0.0000,0.6664
RECENCY,4,0,constant_velocity,1,4.9027,0.0025,0.6664
RECENCY,4,0,constant_velocity,2,4.8070,0.0073,0.6664
RECENCY,4,0,constant_velocity,3,4.7134,0.0084,0.6664
RECENCY,4,0,constant_velocity,4,4.6236,0.0108,0.6664
RECENCY,4,0,constant_velocity,5,4.5396,0.0133,0.6664
RECENCY,4,0,constant_velocity,6,4.4586,0.0113,0.6664
RECENCY,4,0,constant_velocity,7,4.3725,0.0082,0.6664
RECENCY,4,0,constant_velocity,8,4.2826,0.0068,0.6664
RECENCY,4,0,constant_velocity,9,4.1923,0.0095,0.6664
RECENCY,4,0,constant_velocity,10,4.1032,0.0141,0.6664
RECENCY,4,0,constant_velocity,11,4.0154,0.0171,0.6664
RECENCY,4,0,constant_velocity,12,3.9297,0.0181,0.6664
RECENCY,4,0,constant_velocity,13,3.8432,0.0185,0.6664
RECENCY,4,0,constant_velocity,14,3.7562,0.0188,0.6664
RECENCY,4,0,constant_velocity,15,3.6695,0.0198,0.6664
RECENCY,5,0,turn_left,0,5.0000,0.0000,0.3336
RECENCY,5,0,turn_left,1,4.9011,-0.0092,0.3336
RECENCY,5,0,turn_left,2,4.8050,-0.0251,0.3336
RECENCY,5,0,turn_left,3,4.7085,-0.0399,0.3336
RECENCY,5,0,turn_left,4,4.6149,-0.0550,0.3336
RECENCY,5,0,turn_left,5,4.5250,-0.0730,0.3336
RECENCY,5,0,turn_left,6,4.4342,-0.0941,0.3336
RECENCY,5,0,turn_left,7,4.3441,-0.1158,0.3336
RECENCY,5,0,turn_left,8,4.2546,-0.1384,0.3336
RECENCY,5,0,turn_left,9,4.1677,-0.1659,0.3336
RECENCY,5,0,turn_left,10,4.0846,-0.1984,0.3336
RECENCY,5,0,turn_left,11,4.0049,-0.2336,0.3336
RECENCY,5,0,turn_left,12,3.9304,-0.2689,0.3336
RECENCY,5,0,turn_left,13,3.8538,-0.3008,0.3336
RECENCY,5,0,turn_left,14,3.7711,-0.3348,0.3336
RECENCY,5,0,turn_left,15,3.6798,-0.3762,0.3336
RECENCY,6,0,turn_left,0,5.0000,0.0000,0.3336
RECENCY,6,0,turn_left,1,4.8967,-0.0031,0.3336
RECENCY,6,0,turn_left,2,4.7936,-0.0112,0.3336
RECENCY,6,0,turn_left,3,4.6918,-0.0214,0.3336
RECENCY,6,0,turn_left,4,4.5895,-0.0244,0.3336
RECENCY,6,0,turn_left,5,4.4853,-0.0209,0.3336
RECENCY,6,0,turn_left,6,4.3785,-0.0186,0.3336
RECENCY,6,0,turn_left,7,4.2748,-0.0195,0.3336
RECENCY,6,0,turn_left,8,4.1686,-0.0256,0.3336
RECENCY,6,0,turn_left,9,4.0612,-0.0343,0.3336
RECENCY,6,0,turn_left,10,3.9566,-0.0418,0.3336
RECENCY,6,0,turn_left,11,3.8582,-0.0514,0.3336
RECENCY,6,0,turn_left,12,3.7671,-0.0632,0.3336
RECENCY,6,0,turn_left,13,3.6778,-0.0783,0.3336
RECENCY,6,0,turn_left,14,3.5921,-0.1016,0.3336
RECENCY,6,0,turn_left,15,3.5096,-0.1322,0.3336
RECENCY,7,0,constant_velocity,0,5.0000,0.0000,0.6664
RECENCY,7,0,constant_velocity,1,4.8976,-0.0015,0.6664
RECENCY,7,0,constant_velocity,2,4.7926,-0.0088,0.6664
RECENCY,7,0,constant_velocity,3,4.6839,-0.0246,0.6664
RECENCY,7,0,constant_velocity,4,4.5691,-0.0410,0.6664
RECENCY,7,0,constant_velocity,5,4.4492,-0.0565,0.6664
RECENCY,7,0,constant_velocity,6,4.3294,-0.0756,0.6664
RECENCY,7,0,constant_velocity,7,4.2128,-0.0977,0.6664
RECENCY,7,0,constant_velocity,8,4.0928,-0.1204,0.6664
RECENCY,7,0,constant_velocity,9,3.9644,-0.1433,0.6664
RECENCY,7,0,constant_velocity,10,3.8302,-0.1669,0.6664
RECENCY,7,0,constant_velocity,11,3.6929,-0.1904,0.6664
RECENCY,7,0,constant_velocity,12,3.5503,-0.2092,0.6664
RECENCY,7,0,constant_velocity,13,3.4007,-0.2200,0.6664
RECENCY,7,0,constant_velocity,14,3.2486,-0.2274,0.6664
RECENCY,7,0,constant_velocity,15,3.0977,-0.2392,0.6664
RECENCY,8,0,constant_velocity,0,5.0000,0.0000,0.6664
RECENCY,8,0,constant_velocity,1,4.8986,0.0019,0.6664
RECENCY,8,0,constant_velocity,2,4.7958,0.0071,0.6664
RECENCY,8,0,constant_velocity,3,4.6919,0.0147,0.6664
RECENCY,8,0,constant_velocity,4,4.5912,0.0215,0.6664
RECENCY,8,0,constant_velocity,5,4.4943,0.0253,0.6664
RECENCY,8,0,constant_velocity,6,4.4012,0.0267,0.6664
RECENCY,8,0,constant_velocity,7,4.3102,0.0257,0.6664
RECENCY,8,0,constant_velocity,8,4.2170,0.0211,0.6664
RECENCY,8,0,constant_velocity,9,4.1226,0.0151,0.6664
RECENCY,8,0,constant_velocity,10,4.0270,0.0114,0.6664
RECENCY,8,0,constant_velocity,11,3.9303,0.0094,0.6664
RECENCY,8,0,constant_velocity,12,3.8334,0.0124,0.6664
RECENCY,8,0,constant_velocity,13,3.7353,0.0259,0.6664
RECENCY,8,0,constant_velocity,14,3.6323,0.0447,0.6664
RECENCY,8,0,constant_velocity,15,3.5254,0.0621,0.6664
RECENCY,9,0,constant_velocity,0,5.0000,0.0000,0.6664
RECENCY,9,0,constant_velocity,1,4.8993,-0.0015,0.6664
RECENCY,9,0,constant_velocity,2,4.7965,-0.0018,0.6664
RECENCY,9,0,constant_velocity,3,4.6977,-0.0006,0.6664
RECENCY,9,0,constant_velocity,4,4.6033,0.0007,0.6664
RECENCY,9,0,constant_velocity,5,4.5160,0.0035,0.6664
RECENCY,9,0,constant_velocity,6,4.4392,0.0104,0.6664
RECENCY,9,0,constant_velocity,7,4.3656,0.0235,0.6664
RECENCY,9,0,constant_velocity,8,4.2945,0.0414,0.6664
RECENCY,9,0,constant_velocity,9,4.2222,0.0624,0.6664
RECENCY,9,0,constant_velocity,10,4.1486,0.0852,0.6664
RECENCY,9,0,constant_velocity,11,4.0790,0.1102,0.6664
RECENCY,9,0,constant_velocity,12,4.0095,0.1378,0.6664
RECENCY,9,0,constant_velocity,13,3.9348,0.1651,0.6664
RECENCY,9,0,constant_velocity,14,3.8569,0.1904,0.6664
RECENCY,9,0,constant_velocity,15,3.7741,0.2182,0.6664
RECENCY,10,0,constant_velocity,0,5.0000,0.0000,0.6664
RECENCY,10,0,constant_velocity,1,4.9039,-0.0025,0.6664
RECENCY,10,0,constant_velocity,2,4.8086,-0.0094,0.6664
RECENCY,10,0,constant_velocity,3,4.7150,-0.0186,0.6664
RECENCY,10,0,constant_velocity,4,4.6277,-0.0282,0.6664
RECENCY,10,0,constant_velocity,5,4.5415,-0.0397,0.6664
RECENCY,10,0,constant_velocity,6,4.4551,-0.0511,0.6664
RECENCY,10,0,constant_velocity,7,4.3731,-0.0660,0.6664
RECENCY,10,0,constant_velocity,8,4.2993,-0.0842,0.6664
RECENCY,10,0,constant_velocity,9,4.2286,-0.1026,0.6664
RECENCY,10,0,constant_velocity,10,4.1596,-0.1217,0.6664
RECENCY,10,0,constant_velocity,11,4.0894,-0.1393,0.6664
RECENCY,10,0,constant_velocity,12,4.0182,-0.1539,0.6664
RECENCY,10,0,constant_velocity,13,3.9483,-0.1696,0.6664
RECENCY,10,0,constant_velocity,14,3.8760,-0.1806,0.6664
RECENCY,10,0,constant_velocity,15,3.7991,-0.1856,0.6664
RECENCY,11,0,constant_velocity,0,5.0000,0.0000,0.6664
RECENCY,11,0,constant_velocity,1,4.8990,0.0025,0.6664
RECENCY,11,0,constant_velocity,2,4.7972,0.0080,0.6664
RECENCY,11,0,constant_velocity,3,4.6923,0.0059,0.6664
RECENCY,11,0,constant_velocity,4,4.5868,0.0007,0.6664
RECENCY,11,0,constant_velocity,5,4.4833,0.0015,0.6664
RECENCY,11,0,constant_velocity,6,4.3798,0.0071,0.6664
RECENCY,11,0,constant_velocity,7,4.2793,0.0181,0.6664
RECENCY,11,0,constant_velocity,8,4.1812,0.0305,0.6664
RECENCY,11,0,constant_velocity,9,4.0796,0.0421,0.6664
RECENCY,11,0,constant_velocity,10,3.9766,0.0521,0.6664
RECENCY,11,0,constant_velocity,11,3.8759,0.0587,0.6664
RECENCY,11,0,constant_velocity,12,3.7765,0.0586,0.6664
RECENCY,11,0,constant_velocity,13,3.6789,0.0544,0.6664
RECENCY,11,0,constant_velocity,14,3.5777,0.0524,0.6664
RECENCY,11,0,constant_velocity,15,3.4717,0.0578,0.6664
RECENCY,12,0,constant_velocity,0,5.0000,0.0000,0.6664
RECENCY,12,0,constant_velocity,1,4.8975,0.0021,0.6664
RECENCY,12,0,constant_velocity,2,4.7905,0.0016,0.6664
RECENCY,12,0,constant_velocity,3,4.6804,-0.0074,0.6664
RECENCY,12,0,constant_velocity,4,4.5728,-0.0189,0.6664
RECENCY,12,0,constant_velocity,5,4.4708,-0.0279,0.6664
RECENCY,12,0,constant_velocity,6,4.3725,-0.0327,0.6664
RECENCY,12,0,constant_velocity,7,4.2749,-0.0382,0.6664
RECENCY,12,0,constant_velocity,8,4.1739,-0.0474,0.6664
RECENCY,12,0,constant_velocity,9,4.0643,-0.0538,0.6664
RECENCY,12,0,constant_velocity,10,3.9436,-0.0559,0.6664
RECENCY,12,0,constant_velocity,11,3.8178,-0.0558,0.6664
RECENCY,12,0,constant_velocity,12,3.6903,-0.0544,0.6664
RECENCY,12,0,constant_velocity,13,3.5605,-0.0539,0.6664
RECENCY,12,0,constant_velocity,14,3.4273,-0.0509,0.6664
RECENCY,12,0,constant_velocity,15,3.2927,-0.0437,0.6664
RECENCY,13,0,turn_left,0,5.0000,0.0000,0.3336
RECENCY,13,0,turn_left,1,4.8997,-0.0045,0.3336
RECENCY,13,0,turn_left,2,4.7985,-0.0154,0.3336
RECENCY,13,0,turn_left,3,4.6981,-0.0337,0.3336
RECENCY,13,0,turn_left,4,4.5961,-0.0591,0.3336
RECENCY,13,0,turn_left,5,4.4896,-0.0923,0.3336
RECENCY,13,0,turn_left,6,4.3815,-0.1362,0.3336
RECENCY,13,0,turn_left,7,4.2784,-0.1913,0.3336
RECENCY,13,0,turn_left,8,4.1797,-0.2541,0.3336
RECENCY,13,0,turn_left,9,4.0857,-0.3251,0.3336
RECENCY,13,0,turn_left,10,3.9985,-0.4006,0.3336
RECENCY,13,0,turn_left,11,3.9131,-0.4789,0.3336
RECENCY,13,0,turn_left,12,3.8291,-0.5590,0.3336
RECENCY,13,0,turn_left,13,3.7456,-0.6341,0.3336
RECENCY,13,0,turn_left,14,3.6635,-0.7050,0.3336
RECENCY,13,0,turn_left,15,3.5846,-0.7765,0.3336
RECENCY,14,0,constant_velocity,0,5.0000,0.0000,0.6664
RECENCY,14,0,constant_velocity,1,4.9008,0.0005,0.6664
RECENCY,14,0,constant_velocity,2,4.8064,0.0030,0.6664
RECENCY,14,0,constant_velocity,3,4.7144,0.0103,0.6664
RECENCY,14,0,constant_velocity,4,4.6189,0.0194,0.6664
RECENCY,14,0,constant_velocity,5,4.5194,0.0246,0.6664
RECENCY,14,0,constant_velocity,6,4.4186,0.0268,0.6664
RECENCY,14,0,constant_velocity,7,4.3100,0.0277,0.6664
RECENCY,14,0,constant_velocity,8,4.1914,0.0301,0.6664
RECENCY,14,0,constant_velocity,9,4.0701,0.0411,0.6664
RECENCY,14,0,constant_velocity,10,3.9509,0.0575,0.6664
RECENCY,14,0,constant_velocity,11,3.8380,0.0742,0.6664
RECENCY,14,0,constant_velocity,12,3.7286,0.0942,0.6664
RECENCY,14,0,constant_velocity,13,3.6200,0.1169,0.6664
RECENCY,14,0,constant_velocity,14,3.5135,0.1452,0.6664
RECENCY,14,0,constant_velocity,15,3.4097,0.1776,0.6664
RECENCY,15,0,constant_velocity,0,5.0000,0.0000,0.6664
RECENCY,15,0,constant_velocity,1,4.9022,-0.0003,0.6664
RECENCY,15,0,constant_velocity,2,4.8070,-0.0055,0.6664
RECENCY,15,0,constant_velocity,3,4.7149,-0.0138,0.6664
RECENCY,15,0,constant_velocity,4,4.6282,-0.0209,0.6664
RECENCY,15,0,constant_velocity,5,4.5449,-0.0295,0.6664
RECENCY,15,0,constant_velocity,6,4.4590,-0.0409,0.6664
RECENCY,15,0,constant_velocity,7,4.3656,-0.0514,0.6664
RECENCY,15,0,constant_velocity,8,4.2623,-0.0546,0.6664
RECENCY,15,0,constant_velocity,9,4.1492,-0.0490,0.6664
RECENCY,15,0,constant_velocity,10,4.0294,-0.0382,0.6664
RECENCY,15,0,constant_velocity,11,3.9054,-0.0218,0.6664
RECENCY,15,0,constant_velocity,12,3.7796,0.0014,0.6664
RECENCY,15,0,constant_velocity,13,3.6542,0.0283,0.6664
RECENCY,15,0,constant_velocity,14,3.5305,0.0546,0.6664
RECENCY,15,0,constant_velocity,15,3.4051,0.0764,0.6664
RECENCY,16,0,constant_velocity,0,5.0000,0.0000,0.6664
RECENCY,16,0,constant_velocity,1,4.9042,0.0060,0.6664
RECENCY,16,0,constant_velocity,2,4.8146,0.0171,0.6664
RECENCY,16,0,constant_velocity,3,4.7260,0.0256,0.6664
RECENCY,16,0,constant_velocity,4,4.6349,0.0313,0.6664
RECENCY,16,0,constant_velocity,5,4.5472,0.0358,0.6664
RECENCY,16,0,constant_velocity,6,4.4613,0.0399,0.6664
RECENCY,16,0,constant_velocity,7,4.3727,0.0442,0.6664
RECENCY,16,0,constant_velocity,8,4.2867,0.0488,0.6664
RECENCY,16,0,constant_velocity,9,4.2045,0.0516,0.6664
RECENCY,16,0,constant_velocity,10,4.1287,0.0531,0.6664
RECENCY,16,0,constant_velocity,11,4.0584,0.0533,0.6664
RECENCY,16,0,constant_velocity,12,3.9903,0.0531,0.6664
RECENCY,16,0,constant_velocity,13,3.9204,0.0504,0.6664
RECENCY,16,0,constant_velocity,14,3.8483,0.0423,0.6664
RECENCY,16,0,constant_velocity,15,3.7776,0.0298,0.6664
RECENCY,17,0,turn_left,0,5.0000,0.0000,0.3336
RECENCY,17,0,turn_left,1,4.9002,-0.0052,0.3336
RECENCY,17,0,turn_left,2,4.7992,-0.0185,0.3336
RECENCY,17,0,turn_left,3,4.6914,-0.0389,0.3336
RECENCY,17,0,turn_left,4,4.5782,-0.0582,0.3336
RECENCY,17,0,turn_left,5,4.4686,-0.0741,0.3336
RECENCY,17,0,turn_left,6,4.3686,-0.0883,0.3336
RECENCY,17,0,turn_left,7,4.2692,-0.0992,0.3336
RECENCY,17,0,turn_left,8,4.1668,-0.1113,0.3336
RECENCY,17,0,turn_left,9,4.0631,-0.1256,0.3336
RECENCY,17,0,turn_left,10,3.9511,-0.1417,0.3336
RECENCY,17,0,turn_left,11,3.8328,-0.1645,0.3336
RECENCY,17,0,turn_left,12,3.7169,-0.1941,0.3336
RECENCY,17,0,turn_left,13,3.6053,-0.2250,0.3336
RECENCY,17,0,turn_left,14,3.4950,-0.2558,0.3336
RECENCY,17,0,turn_left,15,3.3876,-0.2873,0.3336
RECENCY,18,0,turn_left,0,5.0000,0.0000,0.3336
RECENCY,18,0,turn_left,1,4.8957,0.0035,0.3336
RECENCY,18,0,turn_left,2,4.7857,0.0116,0.3336
RECENCY,18,0,turn_left,3,4.6759,0.0155,0.3336
RECENCY,18,0,turn_left,4,4.5724,0.0148,0.3336
RECENCY,18,0,turn_left,5,4.4731,0.0122,0.3336
RECENCY,18,0,turn_left,6,4.3752,0.0069,0.3336
RECENCY,18,0,turn_left,7,4.2816,-0.0054,0.3336
RECENCY,18,0,turn_left,8,4.1889,-0.0301,0.3336
RECENCY,18,0,turn_left,9,4.1003,-0.0579,0.3336
RECENCY,18,0,turn_left,10,4.0189,-0.0858,0.3336
RECENCY,18,0,turn_left,11,3.9460,-0.1202,0.3336
RECENCY,18,0,turn_left,12,3.8797,-0.1576,0.3336
RECENCY,18,0,turn_left,13,3.8151,-0.1950,0.3336
RECENCY,18,0,turn_left,14,3.7545,-0.2331,0.3336
RECENCY,18,0,turn_left,15,3.6984,-0.2737,0.3336
RECENCY,19,0,turn_left,0,5.0000,0.0000,0.3336
RECENCY,19,0,turn_left,1,4.9014,-0.0013,0.3336
RECENCY,19,0,turn_left,2,4.8054,-0.0025,0.3336
RECENCY,19,0,turn_left,3,4.7093,-0.0071,0.3336
RECENCY,19,0,turn_left,4,4.6139,-0.0157,0.3336
RECENCY,19,0,turn_left,5,4.5227,-0.0308,0.3336
RECENCY,19,0,turn_left,6,4.4329,-0.0480,0.3336
RECENCY,19,0,turn_left,7,4.3436,-0.0625,0.3336
RECENCY,19,0,turn_left,8,4.2579,-0.0733,0.3336
RECENCY,19,0,turn_left,9,4.1792,-0.0851,0.3336
RECENCY,19,0,turn_left,10,4.1030,-0.1071,0.3336
RECENCY,19,0,turn_left,11,4.0227,-0.1353,0.3336
RECENCY,19,0,turn_left,12,3.9420,-0.1697,0.3336
RECENCY,19,0,turn_left,13,3.8584,-0.2122,0.3336
RECENCY,19,0,turn_left,14,3.7738,-0.2565,0.3336
RECENCY,19,0,turn_left,15,3.6971,-0.3006,0.3336
