step,scenario_id,obs_id,mode,timestep,pred_x,pred_y
0,0,0,constant_velocity,0,7.0000,0.5000
0,0,0,constant_velocity,2,6.8395,0.5015
0,0,0,constant_velocity,4,6.6663,0.5224
0,0,0,constant_velocity,6,6.5018,0.5515
0,0,0,constant_velocity,8,6.3252,0.5743
0,0,0,constant_velocity,10,6.1394,0.6015
0,0,0,constant_velocity,12,5.9507,0.6186
0,0,0,constant_velocity,14,5.7542,0.6490
0,1,0,constant_velocity,0,7.0000,0.5000
0,1,0,constant_velocity,2,6.8354,0.5162
0,1,0,constant_velocity,4,6.6733,0.5455
0,1,0,constant_velocity,6,6.5139,0.5816
0,1,0,constant_velocity,8,6.3440,0.6263
0,1,0,constant_velocity,10,6.1593,0.6647
0,1,0,constant_velocity,12,5.9703,0.6965
0,1,0,constant_velocity,14,5.7912,0.7206
0,4,0,constant_velocity,0,7.0000,0.5000
0,4,0,constant_velocity,2,6.8407,0.5116
0,4,0,constant_velocity,4,6.6839,0.5277
0,4,0,constant_velocity,6,6.5026,0.5628
0,4,0,constant_velocity,8,6.2991,0.6340
0,4,0,constant_velocity,10,6.1075,0.7184
0,4,0,constant_velocity,12,5.9174,0.7810
0,4,0,constant_velocity,14,5.7251,0.8422
1,1,0,constant_velocity,0,6.9200,0.5000
1,1,0,constant_velocity,2,6.7432,0.4992
1,1,0,constant_velocity,4,6.5708,0.4959
1,1,0,constant_velocity,6,6.4191,0.4981
1,1,0,constant_velocity,8,6.2702,0.5031
1,1,0,constant_velocity,10,6.1302,0.5202
1,1,0,constant_velocity,12,5.9961,0.5553
1,1,0,constant_velocity,14,5.8666,0.5906
1,3,0,constant_velocity,0,6.9200,0.5000
1,3,0,constant_velocity,2,6.7523,0.4927
1,3,0,constant_velocity,4,6.5809,0.4751
1,3,0,constant_velocity,6,6.4070,0.4485
1,3,0,constant_velocity,8,6.2280,0.4153
1,3,0,constant_velocity,10,6.0451,0.3787
1,3,0,constant_velocity,12,5.8778,0.3407
1,3,0,constant_velocity,14,5.7162,0.2927
1,10,0,constant_velocity,0,6.9200,0.5000
1,10,0,constant_velocity,2,6.7507,0.5147
1,10,0,constant_velocity,4,6.5756,0.5298
1,10,0,constant_velocity,6,6.3895,0.5382
1,10,0,constant_velocity,8,6.2145,0.5524
1,10,0,constant_velocity,10,6.0310,0.5510
1,10,0,constant_velocity,12,5.8403,0.5436
1,10,0,constant_velocity,14,5.6374,0.5141
2,6,0,constant_velocity,0,6.8400,0.5000
2,6,0,constant_velocity,2,6.6820,0.4987
2,6,0,constant_velocity,4,6.5130,0.4904
2,6,0,constant_velocity,6,6.3217,0.4886
2,6,0,constant_velocity,8,6.1236,0.4847
2,6,0,constant_velocity,10,5.9317,0.4728
2,6,0,constant_velocity,12,5.7468,0.4664
2,6,0,constant_velocity,14,5.5499,0.4720
2,8,0,constant_velocity,0,6.8400,0.5000
2,8,0,constant_velocity,2,6.6684,0.5077
2,8,0,constant_velocity,4,6.4951,0.5035
2,8,0,constant_velocity,6,6.3154,0.4880
2,8,0,constant_velocity,8,6.1398,0.4635
2,8,0,constant_velocity,10,5.9454,0.4381
2,8,0,constant_velocity,12,5.7514,0.4063
2,8,0,constant_velocity,14,5.5718,0.3712
2,11,0,constant_velocity,0,6.8400,0.5000
2,11,0,constant_velocity,2,6.6719,0.5020
2,11,0,constant_velocity,4,6.4934,0.5159
2,11,0,constant_velocity,6,6.3132,0.5372
2,11,0,constant_velocity,8,6.1507,0.5677
2,11,0,constant_velocity,10,5.9942,0.6081
2,11,0,constant_velocity,12,5.8381,0.6601
2,11,0,constant_velocity,14,5.6986,0.6926
3,0,0,constant_velocity,0,6.7600,0.5000
3,0,0,constant_velocity,2,6.5936,0.4929
3,0,0,constant_velocity,4,6.4387,0.4722
3,0,0,constant_velocity,6,6.2902,0.4483
3,0,0,constant_velocity,8,6.1374,0.4281
3,0,0,constant_velocity,10,5.9914,0.4291
3,0,0,constant_velocity,12,5.8521,0.4446
3,0,0,constant_velocity,14,5.7078,0.4746
3,2,0,constant_velocity,0,6.7600,0.5000
3,2,0,constant_velocity,2,6.5953,0.5032
3,2,0,constant_velocity,4,6.4220,0.5054
3,2,0,constant_velocity,6,6.2514,0.5122
3,2,0,constant_velocity,8,6.0798,0.4987
3,2,0,constant_velocity,10,5.9066,0.4610
3,2,0,constant_velocity,12,5.7357,0.4315
3,2,0,constant_velocity,14,5.5668,0.3967
3,4,0,constant_velocity,0,6.7600,0.5000
3,4,0,constant_velocity,2,6.5962,0.5107
3,4,0,constant_velocity,4,6.4454,0.5366
3,4,0,constant_velocity,6,6.2871,0.5474
3,4,0,constant_velocity,8,6.1377,0.5559
3,4,0,constant_velocity,10,5.9861,0.5577
3,4,0,constant_velocity,12,5.8502,0.5596
3,4,0,constant_velocity,14,5.7153,0.5710
4,2,0,constant_velocity,0,6.6800,0.5000
4,2,0,constant_velocity,2,6.5117,0.4969
4,2,0,constant_velocity,4,6.3517,0.5029
4,2,0,constant_velocity,6,6.1934,0.4938
4,2,0,constant_velocity,8,6.0185,0.4606
4,2,0,constant_velocity,10,5.8325,0.4274
4,2,0,constant_velocity,12,5.6439,0.3942
4,2,0,constant_velocity,14,5.4551,0.3688
4,3,0,constant_velocity,0,6.6800,0.5000
4,3,0,constant_velocity,2,6.5058,0.4951
4,3,0,constant_velocity,4,6.3251,0.5034
4,3,0,constant_velocity,6,6.1589,0.5341
4,3,0,constant_velocity,8,6.0118,0.5811
4,3,0,constant_velocity,10,5.8582,0.6384
4,3,0,constant_velocity,12,5.7174,0.6920
4,3,0,constant_velocity,14,5.5959,0.7451
4,4,0,constant_velocity,0,6.6800,0.5000
4,4,0,constant_velocity,2,6.5212,0.4895
4,4,0,constant_velocity,4,6.3564,0.4749
4,4,0,constant_velocity,6,6.1735,0.4734
4,4,0,constant_velocity,8,5.9979,0.4673
4,4,0,constant_velocity,10,5.8245,0.4646
4,4,0,constant_velocity,12,5.6583,0.4505
4,4,0,constant_velocity,14,5.5012,0.4346
5,2,0,constant_velocity,0,6.6000,0.5000
5,2,0,constant_velocity,2,6.4309,0.4861
5,2,0,constant_velocity,4,6.2557,0.4570
5,2,0,constant_velocity,6,6.0894,0.4364
5,2,0,constant_velocity,8,5.9299,0.4033
5,2,0,constant_velocity,10,5.7717,0.3399
5,2,0,constant_velocity,12,5.6121,0.2735
5,2,0,constant_velocity,14,5.4558,0.1956
5,5,0,constant_velocity,0,6.6000,0.5000
5,5,0,constant_velocity,2,6.4515,0.5100
5,5,0,constant_velocity,4,6.3314,0.5146
5,5,0,constant_velocity,6,6.2301,0.5212
5,5,0,constant_velocity,8,6.1283,0.5411
5,5,0,constant_velocity,10,6.0380,0.5681
5,5,0,constant_velocity,12,5.9543,0.6002
5,5,0,constant_velocity,14,5.8736,0.6278
5,6,0,constant_velocity,0,6.6000,0.5000
5,6,0,constant_velocity,2,6.4292,0.5084
5,6,0,constant_velocity,4,6.2439,0.5275
5,6,0,constant_velocity,6,6.0516,0.5573
5,6,0,constant_velocity,8,5.8583,0.5964
5,6,0,constant_velocity,10,5.6770,0.6183
5,6,0,constant_velocity,12,5.4992,0.6343
5,6,0,constant_velocity,14,5.3125,0.6450
6,0,0,constant_velocity,0,6.5200,0.5000
6,0,0,constant_velocity,2,6.3819,0.5165
6,0,0,constant_velocity,4,6.2768,0.5381
6,0,0,constant_velocity,6,6.1841,0.5563
6,0,0,constant_velocity,8,6.1095,0.5705
6,0,0,constant_velocity,10,6.0377,0.5895
6,0,0,constant_velocity,12,5.9532,0.6316
6,0,0,constant_velocity,14,5.8715,0.6764
6,1,0,constant_velocity,0,6.5200,0.5000
6,1,0,constant_velocity,2,6.3648,0.5013
6,1,0,constant_velocity,4,6.2113,0.4852
6,1,0,constant_velocity,6,6.0576,0.4666
6,1,0,constant_velocity,8,5.9173,0.4653
6,1,0,constant_velocity,10,5.7718,0.4743
6,1,0,constant_velocity,12,5.6285,0.4819
6,1,0,constant_velocity,14,5.4797,0.4825
6,2,0,constant_velocity,0,6.5200,0.5000
6,2,0,constant_velocity,2,6.3548,0.5076
6,2,0,constant_velocity,4,6.2130,0.5211
6,2,0,constant_velocity,6,6.0941,0.5291
6,2,0,constant_velocity,8,5.9765,0.5340
6,2,0,constant_velocity,10,5.8599,0.5446
6,2,0,constant_velocity,12,5.7592,0.5594
6,2,0,constant_velocity,14,5.6531,0.5673
7,0,0,constant_velocity,0,6.4400,0.5000
7,0,0,constant_velocity,2,6.2845,0.4937
7,0,0,constant_velocity,4,6.1455,0.4645
7,0,0,constant_velocity,6,6.0060,0.4224
7,0,0,constant_velocity,8,5.8825,0.4045
7,0,0,constant_velocity,10,5.7632,0.3900
7,0,0,constant_velocity,12,5.6370,0.3685
7,0,0,constant_velocity,14,5.5252,0.3410
7,7,0,constant_velocity,0,6.4400,0.5000
7,7,0,constant_velocity,2,6.2665,0.4953
7,7,0,constant_velocity,4,6.1015,0.4830
7,7,0,constant_velocity,6,5.9298,0.4533
7,7,0,constant_velocity,8,5.7664,0.4138
7,7,0,constant_velocity,10,5.6159,0.3870
7,7,0,constant_velocity,12,5.4720,0.3785
7,7,0,constant_velocity,14,5.3370,0.3804
7,11,0,constant_velocity,0,6.4400,0.5000
7,11,0,constant_velocity,2,6.2688,0.4833
7,11,0,constant_velocity,4,6.0843,0.4321
7,11,0,constant_velocity,6,5.9099,0.3895
7,11,0,constant_velocity,8,5.7339,0.3465
7,11,0,constant_velocity,10,5.5832,0.2889
7,11,0,constant_velocity,12,5.4550,0.2358
7,11,0,constant_velocity,14,5.3340,0.1832
8,0,0,constant_velocity,0,6.3600,0.5000
8,0,0,constant_velocity,2,6.1978,0.4920
8,0,0,constant_velocity,4,6.0401,0.4863
8,0,0,constant_velocity,6,5.8682,0.4743
8,0,0,constant_velocity,8,5.7053,0.4512
8,0,0,constant_velocity,10,5.5514,0.4169
8,0,0,constant_velocity,12,5.3990,0.3777
8,0,0,constant_velocity,14,5.2480,0.3416
8,2,0,constant_velocity,0,6.3600,0.5000
8,2,0,constant_velocity,2,6.1896,0.5020
8,2,0,constant_velocity,4,6.0036,0.5042
8,2,0,constant_velocity,6,5.8123,0.4951
8,2,0,constant_velocity,8,5.6022,0.4753
8,2,0,constant_velocity,10,5.3816,0.4503
8,2,0,constant_velocity,12,5.1633,0.4371
8,2,0,constant_velocity,14,4.9429,0.4270
8,3,0,constant_velocity,0,6.3600,0.5000
8,3,0,constant_velocity,2,6.2028,0.4990
8,3,0,constant_velocity,4,6.0235,0.5052
8,3,0,constant_velocity,6,5.8347,0.5109
8,3,0,constant_velocity,8,5.6580,0.5125
8,3,0,constant_velocity,10,5.5026,0.5175
8,3,0,constant_velocity,12,5.3556,0.5376
8,3,0,constant_velocity,14,5.2268,0.5573
9,1,0,constant_velocity,0,6.2800,0.5000
9,1,0,constant_velocity,2,6.1213,0.4941
9,1,0,constant_velocity,4,5.9722,0.4812
9,1,0,constant_velocity,6,5.8463,0.4688
9,1,0,constant_velocity,8,5.7315,0.4549
9,1,0,constant_velocity,10,5.6073,0.4343
9,1,0,constant_velocity,12,5.4935,0.4136
9,1,0,constant_velocity,14,5.4020,0.3980
9,2,0,constant_velocity,0,6.2800,0.5000
9,2,0,constant_velocity,2,6.1190,0.4928
9,2,0,constant_velocity,4,5.9617,0.4712
9,2,0,constant_velocity,6,5.8120,0.4482
9,2,0,constant_velocity,8,5.6629,0.4223
9,2,0,constant_velocity,10,5.4987,0.3983
9,2,0,constant_velocity,12,5.3424,0.3802
9,2,0,constant_velocity,14,5.1680,0.3536
9,4,0,constant_velocity,0,6.2800,0.5000
9,4,0,constant_velocity,2,6.1138,0.5006
9,4,0,constant_velocity,4,5.9404,0.5049
9,4,0,constant_velocity,6,5.7611,0.5091
9,4,0,constant_velocity,8,5.5885,0.4994
9,4,0,constant_velocity,10,5.4334,0.4636
9,4,0,constant_velocity,12,5.2726,0.4306
9,4,0,constant_velocity,14,5.1155,0.4075
10,0,0,constant_velocity,0,6.2000,0.5000
10,0,0,constant_velocity,2,6.0331,0.4988
10,0,0,constant_velocity,4,5.8633,0.5011
10,0,0,constant_velocity,6,5.7031,0.5181
10,0,0,constant_velocity,8,5.5483,0.5399
10,0,0,constant_velocity,10,5.3951,0.5561
10,0,0,constant_velocity,12,5.2429,0.5982
10,0,0,constant_velocity,14,5.0901,0.6454
10,1,0,constant_velocity,0,6.2000,0.5000
10,1,0,constant_velocity,2,6.0390,0.5133
10,1,0,constant_velocity,4,5.8821,0.5249
10,1,0,constant_velocity,6,5.7313,0.5406
10,1,0,constant_velocity,8,5.5823,0.5711
10,1,0,constant_velocity,10,5.4536,0.6074
10,1,0,constant_velocity,12,5.3259,0.6244
10,1,0,constant_velocity,14,5.1984,0.6261
10,2,0,constant_velocity,0,6.2000,0.5000
10,2,0,constant_velocity,2,6.0399,0.5059
10,2,0,constant_velocity,4,5.8806,0.5089
10,2,0,constant_velocity,6,5.7240,0.4979
10,2,0,constant_velocity,8,5.5708,0.4817
10,2,0,constant_velocity,10,5.4304,0.4698
10,2,0,constant_velocity,12,5.2824,0.4567
10,2,0,constant_velocity,14,5.1469,0.4519
11,0,0,constant_velocity,0,6.1200,0.5000
11,0,0,constant_velocity,2,5.9549,0.5008
11,0,0,constant_velocity,4,5.8099,0.5181
11,0,0,constant_velocity,6,5.6703,0.5504
11,0,0,constant_velocity,8,5.5420,0.5820
11,0,0,constant_velocity,10,5.4058,0.5992
11,0,0,constant_velocity,12,5.2616,0.6114
11,0,0,constant_velocity,14,5.1099,0.6385
11,1,0,constant_velocity,0,6.1200,0.5000
11,1,0,constant_velocity,2,5.9497,0.4987
11,1,0,constant_velocity,4,5.7734,0.4768
11,1,0,constant_velocity,6,5.5983,0.4552
11,1,0,constant_velocity,8,5.4200,0.4246
11,1,0,constant_velocity,10,5.2277,0.4056
11,1,0,constant_velocity,12,5.0247,0.4051
11,1,0,constant_velocity,14,4.8220,0.4084
11,2,0,constant_velocity,0,6.1200,0.5000
11,2,0,constant_velocity,2,5.9609,0.4885
11,2,0,constant_velocity,4,5.8098,0.4589
11,2,0,constant_velocity,6,5.6586,0.4199
11,2,0,constant_velocity,8,5.5093,0.3687
11,2,0,constant_velocity,10,5.3655,0.3018
11,2,0,constant_velocity,12,5.2134,0.2325
11,2,0,constant_velocity,14,5.0555,0.1753
12,2,0,constant_velocity,0,6.0400,0.5000
12,2,0,constant_velocity,2,5.8815,0.5035
12,2,0,constant_velocity,4,5.7442,0.5079
12,2,0,constant_velocity,6,5.6142,0.5164
12,2,0,constant_velocity,8,5.4833,0.5197
12,2,0,constant_velocity,10,5.3470,0.5289
12,2,0,constant_velocity,12,5.2245,0.5514
12,2,0,constant_velocity,14,5.1219,0.5788
12,3,0,constant_velocity,0,6.0400,0.5000
12,3,0,constant_velocity,2,5.8703,0.4869
12,3,0,constant_velocity,4,5.7078,0.4766
12,3,0,constant_velocity,6,5.5468,0.4702
12,3,0,constant_velocity,8,5.3719,0.4547
12,3,0,constant_velocity,10,5.1979,0.4225
12,3,0,constant_velocity,12,5.0293,0.3935
12,3,0,constant_velocity,14,4.8728,0.3579
12,6,0,constant_velocity,0,6.0400,0.5000
12,6,0,constant_velocity,2,5.8905,0.5057
12,6,0,constant_velocity,4,5.7478,0.5179
12,6,0,constant_velocity,6,5.6146,0.5283
12,6,0,constant_velocity,8,5.4990,0.5520
12,6,0,constant_velocity,10,5.3785,0.5768
12,6,0,constant_velocity,12,5.2434,0.6036
12,6,0,constant_velocity,14,5.1150,0.6387
13,0,0,constant_velocity,0,5.9600,0.5000
13,0,0,constant_velocity,2,5.8050,0.4907
13,0,0,constant_velocity,4,5.6433,0.4764
13,0,0,constant_velocity,6,5.4597,0.4677
13,0,0,constant_velocity,8,5.2680,0.4591
13,0,0,constant_velocity,10,5.0629,0.4525
13,0,0,constant_velocity,12,4.8470,0.4419
13,0,0,constant_velocity,14,4.6494,0.4436
13,3,0,constant_velocity,0,5.9600,0.5000
13,3,0,constant_velocity,2,5.8040,0.4892
13,3,0,constant_velocity,4,5.6360,0.4817
13,3,0,constant_velocity,6,5.4566,0.4572
13,3,0,constant_velocity,8,5.2794,0.4229
13,3,0,constant_velocity,10,5.1123,0.3835
13,3,0,constant_velocity,12,4.9453,0.3645
13,3,0,constant_velocity,14,4.7636,0.3569
13,6,0,constant_velocity,0,5.9600,0.5000
13,6,0,constant_velocity,2,5.8068,0.4961
13,6,0,constant_velocity,4,5.6607,0.4639
13,6,0,constant_velocity,6,5.5139,0.4132
13,6,0,constant_velocity,8,5.3798,0.3726
13,6,0,constant_velocity,10,5.2470,0.3279
13,6,0,constant_velocity,12,5.1066,0.2813
13,6,0,constant_velocity,14,4.9726,0.2419
14,3,0,constant_velocity,0,5.8800,0.5000
14,3,0,constant_velocity,2,5.7268,0.4986
14,3,0,constant_velocity,4,5.5773,0.4928
14,3,0,constant_velocity,6,5.4414,0.4759
14,3,0,constant_velocity,8,5.3046,0.4657
14,3,0,constant_velocity,10,5.1613,0.4506
14,3,0,constant_velocity,12,5.0267,0.4315
14,3,0,constant_velocity,14,4.9031,0.4136
14,5,0,constant_velocity,0,5.8800,0.5000
14,5,0,constant_velocity,2,5.6992,0.4927
14,5,0,constant_velocity,4,5.5148,0.4886
14,5,0,constant_velocity,6,5.3511,0.4779
14,5,0,constant_velocity,8,5.1933,0.4544
14,5,0,constant_velocity,10,5.0301,0.4351
14,5,0,constant_velocity,12,4.8680,0.4156
14,5,0,constant_velocity,14,4.7176,0.4026
14,6,0,constant_velocity,0,5.8800,0.5000
14,6,0,constant_velocity,2,5.7230,0.4985
14,6,0,constant_velocity,4,5.5713,0.4844
14,6,0,constant_velocity,6,5.4243,0.4704
14,6,0,constant_velocity,8,5.2867,0.4538
14,6,0,constant_velocity,10,5.1484,0.4215
14,6,0,constant_velocity,12,5.0149,0.3920
14,6,0,constant_velocity,14,4.8779,0.3918
15,0,0,constant_velocity,0,5.8000,0.5000
15,0,0,constant_velocity,2,5.6426,0.5032
15,0,0,constant_velocity,4,5.4917,0.5057
15,0,0,constant_velocity,6,5.3528,0.4923
15,0,0,constant_velocity,8,5.2276,0.4808
15,0,0,constant_velocity,10,5.1243,0.4630
15,0,0,constant_velocity,12,5.0337,0.4409
15,0,0,constant_velocity,14,4.9367,0.4057
15,5,0,constant_velocity,0,5.8000,0.5000
15,5,0,constant_velocity,2,5.6404,0.5004
15,5,0,constant_velocity,4,5.5070,0.5046
15,5,0,constant_velocity,6,5.3829,0.5037
15,5,0,constant_velocity,8,5.2701,0.4883
15,5,0,constant_velocity,10,5.1634,0.4661
15,5,0,constant_velocity,12,5.0435,0.4411
15,5,0,constant_velocity,14,4.9125,0.4095
15,6,0,constant_velocity,0,5.8000,0.5000
15,6,0,constant_velocity,2,5.6486,0.4850
15,6,0,constant_velocity,4,5.5056,0.4760
15,6,0,constant_velocity,6,5.3681,0.4710
15,6,0,constant_velocity,8,5.2301,0.4588
15,6,0,constant_velocity,10,5.0886,0.4397
15,6,0,constant_velocity,12,4.9529,0.4285
15,6,0,constant_velocity,14,4.8013,0.4014
16,0,0,constant_velocity,0,5.7200,0.5000
16,0,0,constant_velocity,2,5.5496,0.5017
16,0,0,constant_velocity,4,5.3884,0.4967
16,0,0,constant_velocity,6,5.2423,0.4994
16,0,0,constant_velocity,8,5.1245,0.5080
16,0,0,constant_velocity,10,5.0072,0.5199
16,0,0,constant_velocity,12,4.8893,0.5452
16,0,0,constant_velocity,14,4.7667,0.5769
16,1,0,constant_velocity,0,5.7200,0.5000
16,1,0,constant_velocity,2,5.5721,0.5064
16,1,0,constant_velocity,4,5.4345,0.5127
16,1,0,constant_velocity,6,5.2978,0.5128
16,1,0,constant_velocity,8,5.1676,0.5027
16,1,0,constant_velocity,10,5.0358,0.5045
16,1,0,constant_velocity,12,4.8943,0.4957
16,1,0,constant_velocity,14,4.7593,0.4796
16,2,0,constant_velocity,0,5.7200,0.5000
16,2,0,constant_velocity,2,5.5613,0.4802
16,2,0,constant_velocity,4,5.3943,0.4506
16,2,0,constant_velocity,6,5.2056,0.4275
16,2,0,constant_velocity,8,5.0073,0.3886
16,2,0,constant_velocity,10,4.7986,0.3469
16,2,0,constant_velocity,12,4.5908,0.2848
16,2,0,constant_velocity,14,4.3891,0.2046
17,1,0,constant_velocity,0,5.6400,0.5000
17,1,0,constant_velocity,2,5.4888,0.5022
17,1,0,constant_velocity,4,5.3292,0.5007
17,1,0,constant_velocity,6,5.1741,0.5117
17,1,0,constant_velocity,8,5.0152,0.5233
17,1,0,constant_velocity,10,4.8594,0.5388
17,1,0,constant_velocity,12,4.6827,0.5587
17,1,0,constant_velocity,14,4.5027,0.5750
17,3,0,constant_velocity,0,5.6400,0.5000
17,3,0,constant_velocity,2,5.4787,0.4973
17,3,0,constant_velocity,4,5.3262,0.4927
17,3,0,constant_velocity,6,5.1898,0.4774
17,3,0,constant_velocity,8,5.0688,0.4515
17,3,0,constant_velocity,10,4.9649,0.4199
17,3,0,constant_velocity,12,4.8544,0.3965
17,3,0,constant_velocity,14,4.7288,0.3899
17,6,0,constant_velocity,0,5.6400,0.5000
17,6,0,constant_velocity,2,5.4773,0.5051
17,6,0,constant_velocity,4,5.3244,0.5090
17,6,0,constant_velocity,6,5.1907,0.5269
17,6,0,constant_velocity,8,5.0690,0.5328
17,6,0,constant_velocity,10,4.9721,0.5351
17,6,0,constant_velocity,12,4.8806,0.5435
17,6,0,constant_velocity,14,4.7954,0.5801
18,1,0,constant_velocity,0,5.5600,0.5000
18,1,0,constant_velocity,2,5.4069,0.5065
18,1,0,constant_velocity,4,5.2617,0.5215
18,1,0,constant_velocity,6,5.1244,0.5439
18,1,0,constant_velocity,8,4.9923,0.5825
18,1,0,constant_velocity,10,4.8472,0.6376
18,1,0,constant_velocity,12,4.6911,0.6817
18,1,0,constant_velocity,14,4.5434,0.6997
18,4,0,constant_velocity,0,5.5600,0.5000
18,4,0,constant_velocity,2,5.4027,0.5024
18,4,0,constant_velocity,4,5.2589,0.5120
18,4,0,constant_velocity,6,5.1260,0.5335
18,4,0,constant_velocity,8,5.0191,0.5629
18,4,0,constant_velocity,10,4.9375,0.5999
18,4,0,constant_velocity,12,4.8497,0.6334
18,4,0,constant_velocity,14,4.7614,0.6738
18,5,0,constant_velocity,0,5.5600,0.5000
18,5,0,constant_velocity,2,5.4066,0.5139
18,5,0,constant_velocity,4,5.2657,0.5341
18,5,0,constant_velocity,6,5.1317,0.5478
18,5,0,constant_velocity,8,5.0087,0.5500
18,5,0,constant_velocity,10,4.9044,0.5427
18,5,0,constant_velocity,12,4.7992,0.5430
18,5,0,constant_velocity,14,4.6692,0.5326
19,11,0,constant_velocity,0,5.4800,0.5000
19,11,0,constant_velocity,2,5.3298,0.4972
19,11,0,constant_velocity,4,5.1938,0.4995
19,11,0,constant_velocity,6,5.0657,0.5105
19,11,0,constant_velocity,8,4.9387,0.5195
19,11,0,constant_velocity,10,4.8095,0.5352
19,11,0,constant_velocity,12,4.6899,0.5529
19,11,0,constant_velocity,14,4.5698,0.5599
19,13,0,constant_velocity,0,5.4800,0.5000
19,13,0,constant_velocity,2,5.3260,0.4886
19,13,0,constant_velocity,4,5.1685,0.4672
19,13,0,constant_velocity,6,5.0028,0.4516
19,13,0,constant_velocity,8,4.8414,0.4291
19,13,0,constant_velocity,10,4.6791,0.3950
19,13,0,constant_velocity,12,4.5096,0.3460
19,13,0,constant_velocity,14,4.3455,0.2983
19,0,0,constant_velocity,0,5.4800,0.5000
19,0,0,constant_velocity,2,5.3277,0.4956
19,0,0,constant_velocity,4,5.1766,0.4742
19,0,0,constant_velocity,6,5.0325,0.4576
19,0,0,constant_velocity,8,4.8948,0.4377
19,0,0,constant_velocity,10,4.7723,0.4109
19,0,0,constant_velocity,12,4.6663,0.3882
19,0,0,constant_velocity,14,4.5515,0.3694
20,0,0,constant_velocity,0,5.4000,0.5000
20,0,0,constant_velocity,2,5.2589,0.5049
20,0,0,constant_velocity,4,5.1409,0.5242
20,0,0,constant_velocity,6,5.0499,0.5523
20,0,0,constant_velocity,8,4.9582,0.5761
20,0,0,constant_velocity,10,4.8753,0.6075
20,0,0,constant_velocity,12,4.8022,0.6434
20,0,0,constant_velocity,14,4.7319,0.6878
20,8,0,constant_velocity,0,5.4000,0.5000
20,8,0,constant_velocity,2,5.2533,0.4898
20,8,0,constant_velocity,4,5.1047,0.4677
20,8,0,constant_velocity,6,4.9336,0.4678
20,8,0,constant_velocity,8,4.7688,0.4566
20,8,0,constant_velocity,10,4.6106,0.4538
20,8,0,constant_velocity,12,4.4545,0.4663
20,8,0,constant_velocity,14,4.2808,0.4801
20,0,0,constant_velocity,0,5.4000,0.5000
20,0,0,constant_velocity,2,5.2573,0.5009
20,0,0,constant_velocity,4,5.1368,0.5057
20,0,0,constant_velocity,6,5.0163,0.5076
20,0,0,constant_velocity,8,4.8955,0.5028
20,0,0,constant_velocity,10,4.8099,0.4952
20,0,0,constant_velocity,12,4.7410,0.4884
20,0,0,constant_velocity,14,4.6840,0.4818
21,2,0,constant_velocity,0,5.3200,0.5000
21,2,0,constant_velocity,2,5.1674,0.5018
21,2,0,constant_velocity,4,5.0069,0.5047
21,2,0,constant_velocity,6,4.8473,0.4999
21,2,0,constant_velocity,8,4.6833,0.4886
21,2,0,constant_velocity,10,4.5051,0.4874
21,2,0,constant_velocity,12,4.3338,0.4917
21,2,0,constant_velocity,14,4.1851,0.5034
21,9,0,constant_velocity,0,5.3200,0.5000
21,9,0,constant_velocity,2,5.1667,0.4933
21,9,0,constant_velocity,4,5.0237,0.4856
21,9,0,constant_velocity,6,4.9075,0.4924
21,9,0,constant_velocity,8,4.7954,0.5026
21,9,0,constant_velocity,10,4.6795,0.5165
21,9,0,constant_velocity,12,4.5898,0.5288
21,9,0,constant_velocity,14,4.5038,0.5519
21,0,0,constant_velocity,0,5.3200,0.5000
21,0,0,constant_velocity,2,5.1641,0.5029
21,0,0,constant_velocity,4,5.0209,0.5122
21,0,0,constant_velocity,6,4.8847,0.5112
21,0,0,constant_velocity,8,4.7609,0.4984
21,0,0,constant_velocity,10,4.6461,0.4695
21,0,0,constant_velocity,12,4.5252,0.4344
21,0,0,constant_velocity,14,4.3978,0.4063
22,6,0,constant_velocity,0,5.2400,0.5000
22,6,0,constant_velocity,2,5.0812,0.4994
22,6,0,constant_velocity,4,4.9179,0.5134
22,6,0,constant_velocity,6,4.7504,0.5240
22,6,0,constant_velocity,8,4.5923,0.5189
22,6,0,constant_velocity,10,4.4575,0.5174
22,6,0,constant_velocity,12,4.3292,0.5053
22,6,0,constant_velocity,14,4.2153,0.4943
22,7,0,constant_velocity,0,5.2400,0.5000
22,7,0,constant_velocity,2,5.0771,0.5114
22,7,0,constant_velocity,4,4.9260,0.5497
22,7,0,constant_velocity,6,4.8050,0.5907
22,7,0,constant_velocity,8,4.6989,0.6360
22,7,0,constant_velocity,10,4.5901,0.6876
22,7,0,constant_velocity,12,4.5032,0.7499
22,7,0,constant_velocity,14,4.4090,0.8037
22,13,0,constant_velocity,0,5.2400,0.5000
22,13,0,constant_velocity,2,5.0882,0.4984
22,13,0,constant_velocity,4,4.9596,0.4894
22,13,0,constant_velocity,6,4.8375,0.4698
22,13,0,constant_velocity,8,4.7283,0.4476
22,13,0,constant_velocity,10,4.6200,0.4297
22,13,0,constant_velocity,12,4.5084,0.4026
22,13,0,constant_velocity,14,4.3819,0.3685
23,6,0,constant_velocity,0,5.1600,0.5000
23,6,0,constant_velocity,2,5.0135,0.4883
23,6,0,constant_velocity,4,4.8798,0.4588
23,6,0,constant_velocity,6,4.7650,0.4094
23,6,0,constant_velocity,8,4.6642,0.3562
23,6,0,constant_velocity,10,4.5724,0.3004
23,6,0,constant_velocity,12,4.4799,0.2445
23,6,0,constant_velocity,14,4.3938,0.1994
23,9,0,constant_velocity,0,5.1600,0.5000
23,9,0,constant_velocity,2,5.0139,0.4970
23,9,0,constant_velocity,4,4.8632,0.5011
23,9,0,constant_velocity,6,4.7306,0.5131
23,9,0,constant_velocity,8,4.6062,0.5267
23,9,0,constant_velocity,10,4.4758,0.5395
23,9,0,constant_velocity,12,4.3413,0.5464
23,9,0,constant_velocity,14,4.1986,0.5716
23,12,0,constant_velocity,0,5.1600,0.5000
23,12,0,constant_velocity,2,5.0147,0.4958
23,12,0,constant_velocity,4,4.8614,0.4946
23,12,0,constant_velocity,6,4.7131,0.5041
23,12,0,constant_velocity,8,4.5828,0.5210
23,12,0,constant_velocity,10,4.4634,0.5494
23,12,0,constant_velocity,12,4.3389,0.5763
23,12,0,constant_velocity,14,4.2164,0.5994
24,0,0,constant_velocity,0,5.0800,0.5000
24,0,0,constant_velocity,2,4.9191,0.4931
24,0,0,constant_velocity,4,4.7533,0.4805
24,0,0,constant_velocity,6,4.5807,0.4679
24,0,0,constant_velocity,8,4.4040,0.4440
24,0,0,constant_velocity,10,4.2234,0.3991
24,0,0,constant_velocity,12,4.0665,0.3691
24,0,0,constant_velocity,14,3.9101,0.3432
24,1,0,constant_velocity,0,5.0800,0.5000
24,1,0,constant_velocity,2,4.9222,0.5011
24,1,0,constant_velocity,4,4.7675,0.5103
24,1,0,constant_velocity,6,4.6061,0.5272
24,1,0,constant_velocity,8,4.4450,0.5528
24,1,0,constant_velocity,10,4.2771,0.5607
24,1,0,constant_velocity,12,4.1194,0.5404
24,1,0,constant_velocity,14,3.9725,0.5185
24,3,0,constant_velocity,0,5.0800,0.5000
24,3,0,constant_velocity,2,4.9114,0.5033
24,3,0,constant_velocity,4,4.7416,0.5015
24,3,0,constant_velocity,6,4.5864,0.4782
24,3,0,constant_velocity,8,4.4339,0.4551
24,3,0,constant_velocity,10,4.2901,0.4258
24,3,0,constant_velocity,12,4.1539,0.3989
24,3,0,constant_velocity,14,4.0120,0.3945
25,1,0,constant_velocity,0,5.0000,0.5000
25,1,0,constant_velocity,2,4.8374,0.4900
25,1,0,constant_velocity,4,4.6837,0.4972
25,1,0,constant_velocity,6,4.5521,0.5083
25,1,0,constant_velocity,8,4.4289,0.5218
25,1,0,constant_velocity,10,4.3101,0.5210
25,1,0,constant_velocity,12,4.1995,0.5108
25,1,0,constant_velocity,14,4.0953,0.4893
25,4,0,constant_velocity,0,5.0000,0.5000
25,4,0,constant_velocity,2,4.8532,0.4873
25,4,0,constant_velocity,4,4.7078,0.4597
25,4,0,constant_velocity,6,4.5803,0.4288
25,4,0,constant_velocity,8,4.4529,0.4065
25,4,0,constant_velocity,10,4.3148,0.3877
25,4,0,constant_velocity,12,4.1754,0.3840
25,4,0,constant_velocity,14,4.0447,0.3941
25,14,0,constant_velocity,0,5.0000,0.5000
25,14,0,constant_velocity,2,4.8394,0.5012
25,14,0,constant_velocity,4,4.6880,0.5087
25,14,0,constant_velocity,6,4.5344,0.5022
25,14,0,constant_velocity,8,4.3915,0.4941
25,14,0,constant_velocity,10,4.2823,0.5076
25,14,0,constant_velocity,12,4.1988,0.5100
25,14,0,constant_velocity,14,4.1225,0.4990
26,6,0,constant_velocity,0,4.9200,0.5000
26,6,0,constant_velocity,2,4.7739,0.5072
26,6,0,constant_velocity,4,4.6373,0.5182
26,6,0,constant_velocity,6,4.5018,0.5394
26,6,0,constant_velocity,8,4.3686,0.5654
26,6,0,constant_velocity,10,4.2357,0.5898
26,6,0,constant_velocity,12,4.0998,0.6391
26,6,0,constant_velocity,14,3.9692,0.6885
26,8,0,constant_velocity,0,4.9200,0.5000
26,8,0,constant_velocity,2,4.7666,0.5015
26,8,0,constant_velocity,4,4.6184,0.5171
26,8,0,constant_velocity,6,4.4798,0.5392
26,8,0,constant_velocity,8,4.3426,0.5703
26,8,0,constant_velocity,10,4.2147,0.6061
26,8,0,constant_velocity,12,4.0902,0.6501
26,8,0,constant_velocity,14,3.9755,0.6987
26,0,0,constant_velocity,0,4.9200,0.5000
26,0,0,constant_velocity,2,4.7578,0.5099
26,0,0,constant_velocity,4,4.5928,0.5200
26,0,0,constant_velocity,6,4.4278,0.5244
26,0,0,constant_velocity,8,4.2604,0.5403
26,0,0,constant_velocity,10,4.0827,0.5667
26,0,0,constant_velocity,12,3.8954,0.6004
26,0,0,constant_velocity,14,3.6970,0.6278
27,0,0,constant_velocity,0,4.8400,0.5000
27,0,0,constant_velocity,2,4.6920,0.4918
27,0,0,constant_velocity,4,4.5436,0.4857
27,0,0,constant_velocity,6,4.4039,0.4739
27,0,0,constant_velocity,8,4.2612,0.4342
27,0,0,constant_velocity,10,4.1031,0.3828
27,0,0,constant_velocity,12,3.9462,0.3309
27,0,0,constant_velocity,14,3.8074,0.2885
27,1,0,constant_velocity,0,4.8400,0.5000
27,1,0,constant_velocity,2,4.6841,0.4918
27,1,0,constant_velocity,4,4.5442,0.4891
27,1,0,constant_velocity,6,4.4178,0.4862
27,1,0,constant_velocity,8,4.2946,0.4854
27,1,0,constant_velocity,10,4.1766,0.4935
27,1,0,constant_velocity,12,4.0724,0.5055
27,1,0,constant_velocity,14,3.9713,0.5215
27,12,0,constant_velocity,0,4.8400,0.5000
27,12,0,constant_velocity,2,4.6953,0.5012
27,12,0,constant_velocity,4,4.5624,0.4986
27,12,0,constant_velocity,6,4.4351,0.4957
27,12,0,constant_velocity,8,4.2845,0.4807
27,12,0,constant_velocity,10,4.1013,0.4572
27,12,0,constant_velocity,12,3.9091,0.4405
27,12,0,constant_velocity,14,3.7152,0.4444
28,2,0,constant_velocity,0,4.7600,0.5000
28,2,0,constant_velocity,2,4.6106,0.4964
28,2,0,constant_velocity,4,4.4566,0.4913
28,2,0,constant_velocity,6,4.2793,0.4913
28,2,0,constant_velocity,8,4.1062,0.4865
28,2,0,constant_velocity,10,3.9355,0.4740
28,2,0,constant_velocity,12,3.7582,0.4733
28,2,0,constant_velocity,14,3.5656,0.4863
28,5,0,constant_velocity,0,4.7600,0.5000
28,5,0,constant_velocity,2,4.5991,0.5069
28,5,0,constant_velocity,4,4.4606,0.5084
28,5,0,constant_velocity,6,4.3316,0.5252
28,5,0,constant_velocity,8,4.1950,0.5350
28,5,0,constant_velocity,10,4.0535,0.5291
28,5,0,constant_velocity,12,3.9232,0.5317
28,5,0,constant_velocity,14,3.8024,0.5335
28,6,0,constant_velocity,0,4.7600,0.5000
28,6,0,constant_velocity,2,4.6075,0.5032
28,6,0,constant_velocity,4,4.4566,0.5030
28,6,0,constant_velocity,6,4.3006,0.5087
28,6,0,constant_velocity,8,4.1385,0.5221
28,6,0,constant_velocity,10,3.9698,0.5496
28,6,0,constant_velocity,12,3.7973,0.5794
28,6,0,constant_velocity,14,3.6081,0.6109
29,0,0,constant_velocity,0,4.6800,0.5000
29,0,0,constant_velocity,2,4.5252,0.5127
29,0,0,constant_velocity,4,4.3585,0.5245
29,0,0,constant_velocity,6,4.2033,0.5333
29,0,0,constant_velocity,8,4.0642,0.5335
29,0,0,constant_velocity,10,3.9350,0.5220
29,0,0,constant_velocity,12,3.8430,0.5108
29,0,0,constant_velocity,14,3.7658,0.5010
29,2,0,constant_velocity,0,4.6800,0.5000
29,2,0,constant_velocity,2,4.5220,0.5087
29,2,0,constant_velocity,4,4.3714,0.5356
29,2,0,constant_velocity,6,4.2311,0.5668
29,2,0,constant_velocity,8,4.0826,0.5906
29,2,0,constant_velocity,10,3.9204,0.6039
29,2,0,constant_velocity,12,3.7545,0.6198
29,2,0,constant_velocity,14,3.5903,0.6688
29,6,0,constant_velocity,0,4.6800,0.5000
29,6,0,constant_velocity,2,4.5228,0.4923
29,6,0,constant_velocity,4,4.3624,0.4832
29,6,0,constant_velocity,6,4.2020,0.4792
29,6,0,constant_velocity,8,4.0483,0.4763
29,6,0,constant_velocity,10,3.8808,0.4629
29,6,0,constant_velocity,12,3.7008,0.4425
29,6,0,constant_velocity,14,3.5073,0.4132
30,1,0,constant_velocity,0,4.6000,0.5000
30,1,0,constant_velocity,2,4.4471,0.4959
30,1,0,constant_velocity,4,4.2963,0.4872
30,1,0,constant_velocity,6,4.1637,0.4681
30,1,0,constant_velocity,8,4.0522,0.4667
30,1,0,constant_velocity,10,3.9384,0.4609
30,1,0,constant_velocity,12,3.8247,0.4591
30,1,0,constant_velocity,14,3.7058,0.4622
30,9,0,constant_velocity,0,4.6000,0.5000
30,9,0,constant_velocity,2,4.4484,0.4988
30,9,0,constant_velocity,4,4.3098,0.5138
30,9,0,constant_velocity,6,4.1672,0.5248
30,9,0,constant_velocity,8,4.0298,0.5135
30,9,0,constant_velocity,10,3.9097,0.4710
30,9,0,constant_velocity,12,3.7993,0.4215
30,9,0,constant_velocity,14,3.6913,0.3921
30,10,0,constant_velocity,0,4.6000,0.5000
30,10,0,constant_velocity,2,4.4475,0.4815
30,10,0,constant_velocity,4,4.3027,0.4466
30,10,0,constant_velocity,6,4.1406,0.4040
30,10,0,constant_velocity,8,3.9756,0.3511
30,10,0,constant_velocity,10,3.8068,0.2946
30,10,0,constant_velocity,12,3.6377,0.2288
30,10,0,constant_velocity,14,3.4746,0.1745
31,4,0,constant_velocity,0,4.5200,0.5000
31,4,0,constant_velocity,2,4.3690,0.4870
31,4,0,constant_velocity,4,4.2122,0.4691
31,4,0,constant_velocity,6,4.0511,0.4548
31,4,0,constant_velocity,8,3.8878,0.4482
31,4,0,constant_velocity,10,3.7331,0.4508
31,4,0,constant_velocity,12,3.5940,0.4514
31,4,0,constant_velocity,14,3.4605,0.4481
31,8,0,constant_velocity,0,4.5200,0.5000
31,8,0,constant_velocity,2,4.3686,0.4960
31,8,0,constant_velocity,4,4.2373,0.4992
31,8,0,constant_velocity,6,4.0998,0.4970
31,8,0,constant_velocity,8,3.9638,0.4919
31,8,0,constant_velocity,10,3.8290,0.4946
31,8,0,constant_velocity,12,3.7078,0.5160
31,8,0,constant_velocity,14,3.6018,0.5501
31,9,0,constant_velocity,0,4.5200,0.5000
31,9,0,constant_velocity,2,4.3734,0.5034
31,9,0,constant_velocity,4,4.2347,0.5257
31,9,0,constant_velocity,6,4.1093,0.5767
31,9,0,constant_velocity,8,3.9807,0.6425
31,9,0,constant_velocity,10,3.8537,0.7000
31,9,0,constant_velocity,12,3.7316,0.7369
31,9,0,constant_velocity,14,3.6030,0.7516
32,2,0,constant_velocity,0,4.4400,0.5000
32,2,0,constant_velocity,2,4.2901,0.5125
32,2,0,constant_velocity,4,4.1587,0.5270
32,2,0,constant_velocity,6,4.0190,0.5407
32,2,0,constant_velocity,8,3.8739,0.5466
32,2,0,constant_velocity,10,3.7360,0.5606
32,2,0,constant_velocity,12,3.5916,0.5799
32,2,0,constant_velocity,14,3.4563,0.6035
32,5,0,constant_velocity,0,4.4400,0.5000
32,5,0,constant_velocity,2,4.2822,0.4935
32,5,0,constant_velocity,4,4.1355,0.4780
32,5,0,constant_velocity,6,4.0228,0.4668
32,5,0,constant_velocity,8,3.9210,0.4632
32,5,0,constant_velocity,10,3.8072,0.4675
32,5,0,constant_velocity,12,3.7163,0.4820
32,5,0,constant_velocity,14,3.6429,0.4807
32,6,0,constant_velocity,0,4.4400,0.5000
32,6,0,constant_velocity,2,4.2839,0.5009
32,6,0,constant_velocity,4,4.1497,0.4968
32,6,0,constant_velocity,6,4.0289,0.5067
32,6,0,constant_velocity,8,3.9347,0.5400
32,6,0,constant_velocity,10,3.8438,0.5571
32,6,0,constant_velocity,12,3.7560,0.5595
32,6,0,constant_velocity,14,3.6769,0.5659
33,6,0,constant_velocity,0,4.3600,0.5000
33,6,0,constant_velocity,2,4.2006,0.5007
33,6,0,constant_velocity,4,4.0507,0.4876
33,6,0,constant_velocity,6,3.9089,0.4611
33,6,0,constant_velocity,8,3.7595,0.4381
33,6,0,constant_velocity,10,3.6203,0.4261
33,6,0,constant_velocity,12,3.4832,0.4042
33,6,0,constant_velocity,14,3.3429,0.3895
33,7,0,constant_velocity,0,4.3600,0.5000
33,7,0,constant_velocity,2,4.1973,0.5073
33,7,0,constant_velocity,4,4.0349,0.5237
33,7,0,constant_velocity,6,3.8789,0.5408
33,7,0,constant_velocity,8,3.7252,0.5419
33,7,0,constant_velocity,10,3.5821,0.5495
33,7,0,constant_velocity,12,3.4357,0.5565
33,7,0,constant_velocity,14,3.2777,0.5531
33,8,0,constant_velocity,0,4.3600,0.5000
33,8,0,constant_velocity,2,4.2081,0.4993
33,8,0,constant_velocity,4,4.0551,0.5072
33,8,0,constant_velocity,6,3.9074,0.5277
33,8,0,constant_velocity,8,3.7593,0.5566
33,8,0,constant_velocity,10,3.5864,0.5897
33,8,0,constant_velocity,12,3.3928,0.6275
33,8,0,constant_velocity,14,3.1911,0.6686
34,1,0,constant_velocity,0,4.2800,0.5000
34,1,0,constant_velocity,2,4.1294,0.4984
34,1,0,constant_velocity,4,3.9828,0.4986
34,1,0,constant_velocity,6,3.8387,0.4955
34,1,0,constant_velocity,8,3.7058,0.4892
34,1,0,constant_velocity,10,3.5743,0.4929
34,1,0,constant_velocity,12,3.4339,0.5086
34,1,0,constant_velocity,14,3.2757,0.5223
34,2,0,constant_velocity,0,4.2800,0.5000
34,2,0,constant_velocity,2,4.1231,0.4904
34,2,0,constant_velocity,4,3.9803,0.4532
34,2,0,constant_velocity,6,3.8299,0.4033
34,2,0,constant_velocity,8,3.6789,0.3434
34,2,0,constant_velocity,10,3.5377,0.2845
34,2,0,constant_velocity,12,3.4004,0.2174
34,2,0,constant_velocity,14,3.2682,0.1332
34,7,0,constant_velocity,0,4.2800,0.5000
34,7,0,constant_velocity,2,4.1320,0.5145
34,7,0,constant_velocity,4,3.9819,0.5506
34,7,0,constant_velocity,6,3.8392,0.5967
34,7,0,constant_velocity,8,3.7119,0.6552
34,7,0,constant_velocity,10,3.5835,0.6909
34,7,0,constant_velocity,12,3.4721,0.7160
34,7,0,constant_velocity,14,3.3702,0.7388
35,10,0,constant_velocity,0,4.2000,0.5000
35,10,0,constant_velocity,2,4.0520,0.5098
35,10,0,constant_velocity,4,3.9177,0.5301
35,10,0,constant_velocity,6,3.7839,0.5400
35,10,0,constant_velocity,8,3.6670,0.5454
35,10,0,constant_velocity,10,3.5453,0.5448
35,10,0,constant_velocity,12,3.4121,0.5444
35,10,0,constant_velocity,14,3.2769,0.5407
35,12,0,constant_velocity,0,4.2000,0.5000
35,12,0,constant_velocity,2,4.0482,0.4904
35,12,0,constant_velocity,4,3.9251,0.4718
35,12,0,constant_velocity,6,3.8257,0.4402
35,12,0,constant_velocity,8,3.7262,0.4101
35,12,0,constant_velocity,10,3.6185,0.3868
35,12,0,constant_velocity,12,3.5115,0.3629
35,12,0,constant_velocity,14,3.4032,0.3212
35,14,0,constant_velocity,0,4.2000,0.5000
35,14,0,constant_velocity,2,4.0484,0.4979
35,14,0,constant_velocity,4,3.9188,0.5048
35,14,0,constant_velocity,6,3.7944,0.5113
35,14,0,constant_velocity,8,3.6896,0.5274
35,14,0,constant_velocity,10,3.5851,0.5456
35,14,0,constant_velocity,12,3.4773,0.5564
35,14,0,constant_velocity,14,3.3780,0.5672
36,3,0,constant_velocity,0,4.1200,0.5000
36,3,0,constant_velocity,2,3.9627,0.4904
36,3,0,constant_velocity,4,3.8198,0.4715
36,3,0,constant_velocity,6,3.6840,0.4468
36,3,0,constant_velocity,8,3.5383,0.4288
36,3,0,constant_velocity,10,3.4003,0.4180
36,3,0,constant_velocity,12,3.2784,0.4070
36,3,0,constant_velocity,14,3.1571,0.3923
36,8,0,constant_velocity,0,4.1200,0.5000
36,8,0,constant_velocity,2,3.9705,0.4997
36,8,0,constant_velocity,4,3.8196,0.4944
36,8,0,constant_velocity,6,3.6706,0.4772
36,8,0,constant_velocity,8,3.5120,0.4668
36,8,0,constant_velocity,10,3.3475,0.4779
36,8,0,constant_velocity,12,3.1713,0.4962
36,8,0,constant_velocity,14,2.9968,0.5011
36,10,0,constant_velocity,0,4.1200,0.5000
36,10,0,constant_velocity,2,3.9637,0.5033
36,10,0,constant_velocity,4,3.8123,0.5075
36,10,0,constant_velocity,6,3.6775,0.5114
36,10,0,constant_velocity,8,3.5545,0.5184
36,10,0,constant_velocity,10,3.4341,0.5280
36,10,0,constant_velocity,12,3.3103,0.5309
36,10,0,constant_velocity,14,3.1945,0.5329
37,0,0,constant_velocity,0,4.0400,0.5000
37,0,0,constant_velocity,2,3.8795,0.4986
37,0,0,constant_velocity,4,3.7209,0.4778
37,0,0,constant_velocity,6,3.5662,0.4638
37,0,0,constant_velocity,8,3.4028,0.4514
37,0,0,constant_velocity,10,3.2452,0.4294
37,0,0,constant_velocity,12,3.0795,0.3916
37,0,0,constant_velocity,14,2.9256,0.3596
37,1,0,constant_velocity,0,4.0400,0.5000
37,1,0,constant_velocity,2,3.8840,0.4962
37,1,0,constant_velocity,4,3.7330,0.4960
37,1,0,constant_velocity,6,3.5823,0.4929
37,1,0,constant_velocity,8,3.4388,0.5042
37,1,0,constant_velocity,10,3.2985,0.5259
37,1,0,constant_velocity,12,3.1383,0.5465
37,1,0,constant_velocity,14,2.9655,0.5473
37,5,0,constant_velocity,0,4.0400,0.5000
37,5,0,constant_velocity,2,3.8756,0.4927
37,5,0,constant_velocity,4,3.7148,0.4980
37,5,0,constant_velocity,6,3.5720,0.5033
37,5,0,constant_velocity,8,3.4563,0.5182
37,5,0,constant_velocity,10,3.3655,0.5436
37,5,0,constant_velocity,12,3.2768,0.5702
37,5,0,constant_velocity,14,3.1895,0.5931
38,2,0,constant_velocity,0,3.9600,0.5000
38,2,0,constant_velocity,2,3.8120,0.5033
38,2,0,constant_velocity,4,3.6699,0.5210
38,2,0,constant_velocity,6,3.5146,0.5478
38,2,0,constant_velocity,8,3.3385,0.5595
38,2,0,constant_velocity,10,3.1567,0.5655
38,2,0,constant_velocity,12,2.9857,0.5506
38,2,0,constant_velocity,14,2.8206,0.5384
38,3,0,constant_velocity,0,3.9600,0.5000
38,3,0,constant_velocity,2,3.7999,0.4994
38,3,0,constant_velocity,4,3.6335,0.4863
38,3,0,constant_velocity,6,3.4820,0.4740
38,3,0,constant_velocity,8,3.3280,0.4528
38,3,0,constant_velocity,10,3.1697,0.4254
38,3,0,constant_velocity,12,3.0315,0.3926
38,3,0,constant_velocity,14,2.9038,0.3700
38,5,0,constant_velocity,0,3.9600,0.5000
38,5,0,constant_velocity,2,3.8030,0.4949
38,5,0,constant_velocity,4,3.6575,0.4837
38,5,0,constant_velocity,6,3.5107,0.4529
38,5,0,constant_velocity,8,3.3751,0.3995
38,5,0,constant_velocity,10,3.2453,0.3390
38,5,0,constant_velocity,12,3.1255,0.2723
38,5,0,constant_velocity,14,2.9857,0.2072
39,6,0,constant_velocity,0,3.8800,0.5000
39,6,0,constant_velocity,2,3.7250,0.4967
39,6,0,constant_velocity,4,3.5854,0.4692
39,6,0,constant_velocity,6,3.4596,0.4409
39,6,0,constant_velocity,8,3.3469,0.4155
39,6,0,constant_velocity,10,3.2485,0.3919
39,6,0,constant_velocity,12,3.1586,0.3713
39,6,0,constant_velocity,14,3.0761,0.3499
39,13,0,constant_velocity,0,3.8800,0.5000
39,13,0,constant_velocity,2,3.7424,0.4991
39,13,0,constant_velocity,4,3.6265,0.5039
39,13,0,constant_velocity,6,3.5209,0.5187
39,13,0,constant_velocity,8,3.4170,0.5557
39,13,0,constant_velocity,10,3.3064,0.6104
39,13,0,constant_velocity,12,3.2074,0.6633
39,13,0,constant_velocity,14,3.1095,0.6966
39,0,0,constant_velocity,0,3.8800,0.5000
39,0,0,constant_velocity,2,3.7223,0.5085
39,0,0,constant_velocity,4,3.5615,0.5327
39,0,0,constant_velocity,6,3.3825,0.5630
39,0,0,constant_velocity,8,3.2088,0.5914
39,0,0,constant_velocity,10,3.0364,0.6063
39,0,0,constant_velocity,12,2.8467,0.6125
39,0,0,constant_velocity,14,2.6313,0.6331
40,2,0,constant_velocity,0,3.8000,0.5000
40,2,0,constant_velocity,2,3.6494,0.4991
40,2,0,constant_velocity,4,3.5020,0.5072
40,2,0,constant_velocity,6,3.3624,0.5257
40,2,0,constant_velocity,8,3.2154,0.5695
40,2,0,constant_velocity,10,3.0557,0.6357
40,2,0,constant_velocity,12,2.8974,0.6972
40,2,0,constant_velocity,14,2.7446,0.7505
40,7,0,constant_velocity,0,3.8000,0.5000
40,7,0,constant_velocity,2,3.6552,0.5080
40,7,0,constant_velocity,4,3.5042,0.5046
40,7,0,constant_velocity,6,3.3351,0.5161
40,7,0,constant_velocity,8,3.1695,0.5356
40,7,0,constant_velocity,10,3.0057,0.5196
40,7,0,constant_velocity,12,2.8286,0.4764
40,7,0,constant_velocity,14,2.6446,0.4404
40,8,0,constant_velocity,0,3.8000,0.5000
40,8,0,constant_velocity,2,3.6332,0.4947
40,8,0,constant_velocity,4,3.4679,0.4695
40,8,0,constant_velocity,6,3.3199,0.4381
40,8,0,constant_velocity,8,3.1865,0.4198
40,8,0,constant_velocity,10,3.0551,0.3963
40,8,0,constant_velocity,12,2.9127,0.3755
40,8,0,constant_velocity,14,2.7742,0.3527
41,4,0,constant_velocity,0,3.7200,0.5000
41,4,0,constant_velocity,2,3.5758,0.4950
41,4,0,constant_velocity,4,3.4293,0.4873
41,4,0,constant_velocity,6,3.2902,0.4828
41,4,0,constant_velocity,8,3.1543,0.4871
41,4,0,constant_velocity,10,3.0390,0.4990
41,4,0,constant_velocity,12,2.9409,0.5051
41,4,0,constant_velocity,14,2.8515,0.4971
41,9,0,constant_velocity,0,3.7200,0.5000
41,9,0,constant_velocity,2,3.5821,0.4930
41,9,0,constant_velocity,4,3.4678,0.4861
41,9,0,constant_velocity,6,3.3623,0.4647
41,9,0,constant_velocity,8,3.2701,0.4471
41,9,0,constant_velocity,10,3.1905,0.4327
41,9,0,constant_velocity,12,3.1157,0.4290
41,9,0,constant_velocity,14,3.0293,0.4477
41,0,0,constant_velocity,0,3.7200,0.5000
41,0,0,constant_velocity,2,3.5562,0.4902
41,0,0,constant_velocity,4,3.3855,0.4663
41,0,0,constant_velocity,6,3.2117,0.4288
41,0,0,constant_velocity,8,3.0250,0.3794
41,0,0,constant_velocity,10,2.8302,0.3201
41,0,0,constant_velocity,12,2.6512,0.2713
41,0,0,constant_velocity,14,2.4847,0.2339
42,8,0,constant_velocity,0,3.6400,0.5000
42,8,0,constant_velocity,2,3.4997,0.5048
42,8,0,constant_velocity,4,3.3897,0.5234
42,8,0,constant_velocity,6,3.2848,0.5467
42,8,0,constant_velocity,8,3.1658,0.5444
42,8,0,constant_velocity,10,3.0563,0.5453
42,8,0,constant_velocity,12,2.9544,0.5487
42,8,0,constant_velocity,14,2.8638,0.5450
42,12,0,constant_velocity,0,3.6400,0.5000
42,12,0,constant_velocity,2,3.4888,0.5049
42,12,0,constant_velocity,4,3.3631,0.4892
42,12,0,constant_velocity,6,3.2627,0.4853
42,12,0,constant_velocity,8,3.1690,0.4929
42,12,0,constant_velocity,10,3.0637,0.5094
42,12,0,constant_velocity,12,2.9416,0.5151
42,12,0,constant_velocity,14,2.8139,0.5150
42,0,0,constant_velocity,0,3.6400,0.5000
42,0,0,constant_velocity,2,3.4798,0.4997
42,0,0,constant_velocity,4,3.3079,0.4964
42,0,0,constant_velocity,6,3.1389,0.5019
42,0,0,constant_velocity,8,2.9793,0.5061
42,0,0,constant_velocity,10,2.8215,0.5003
42,0,0,constant_velocity,12,2.6525,0.5066
42,0,0,constant_velocity,14,2.4791,0.5089
43,4,0,constant_velocity,0,3.5600,0.5000
43,4,0,constant_velocity,2,3.4128,0.4966
43,4,0,constant_velocity,4,3.2824,0.4804
43,4,0,constant_velocity,6,3.1615,0.4777
43,4,0,constant_velocity,8,3.0396,0.5022
43,4,0,constant_velocity,10,2.9123,0.5367
43,4,0,constant_velocity,12,2.7667,0.5812
43,4,0,constant_velocity,14,2.6309,0.6331
43,6,0,constant_velocity,0,3.5600,0.5000
43,6,0,constant_velocity,2,3.4112,0.4993
43,6,0,constant_velocity,4,3.2829,0.5110
43,6,0,constant_velocity,6,3.1722,0.5383
43,6,0,constant_velocity,8,3.0677,0.5591
43,6,0,constant_velocity,10,2.9834,0.5902
43,6,0,constant_velocity,12,2.9186,0.6265
43,6,0,constant_velocity,14,2.8660,0.6594
43,0,0,constant_velocity,0,3.5600,0.5000
43,0,0,constant_velocity,2,3.3943,0.5066
43,0,0,constant_velocity,4,3.2275,0.5093
43,0,0,constant_velocity,6,3.0742,0.5130
43,0,0,constant_velocity,8,2.9275,0.5056
43,0,0,constant_velocity,10,2.8038,0.4903
43,0,0,constant_velocity,12,2.6747,0.4703
43,0,0,constant_velocity,14,2.5446,0.4527
44,7,0,constant_velocity,0,3.4800,0.5000
44,7,0,constant_velocity,2,3.3190,0.4934
44,7,0,constant_velocity,4,3.1733,0.4849
44,7,0,constant_velocity,6,3.0466,0.4914
44,7,0,constant_velocity,8,2.9241,0.4917
44,7,0,constant_velocity,10,2.8061,0.4875
44,7,0,constant_velocity,12,2.7008,0.4824
44,7,0,constant_velocity,14,2.6039,0.4913
44,8,0,constant_velocity,0,3.4800,0.5000
44,8,0,constant_velocity,2,3.3304,0.4934
44,8,0,constant_velocity,4,3.1884,0.4680
44,8,0,constant_velocity,6,3.0602,0.4340
44,8,0,constant_velocity,8,2.9284,0.3892
44,8,0,constant_velocity,10,2.7846,0.3368
44,8,0,constant_velocity,12,2.6412,0.2775
44,8,0,constant_velocity,14,2.5178,0.2249
44,9,0,constant_velocity,0,3.4800,0.5000
44,9,0,constant_velocity,2,3.3290,0.4879
44,9,0,constant_velocity,4,3.1852,0.4556
44,9,0,constant_velocity,6,3.0500,0.4084
44,9,0,constant_velocity,8,2.9172,0.3534
44,9,0,constant_velocity,10,2.7594,0.2849
44,9,0,constant_velocity,12,2.5830,0.2041
44,9,0,constant_velocity,14,2.4029,0.1215
45,10,0,constant_velocity,0,3.4000,0.5000
45,10,0,constant_velocity,2,3.2488,0.4944
45,10,0,constant_velocity,4,3.1033,0.4895
45,10,0,constant_velocity,6,2.9565,0.4968
45,10,0,constant_velocity,8,2.8057,0.5113
45,10,0,constant_velocity,10,2.6703,0.5211
45,10,0,constant_velocity,12,2.5243,0.5239
45,10,0,constant_velocity,14,2.3754,0.5475
45,14,0,constant_velocity,0,3.4000,0.5000
45,14,0,constant_velocity,2,3.2530,0.4925
45,14,0,constant_velocity,4,3.1306,0.4925
45,14,0,constant_velocity,6,3.0032,0.4931
45,14,0,constant_velocity,8,2.8883,0.5104
45,14,0,constant_velocity,10,2.7886,0.5323
45,14,0,constant_velocity,12,2.6860,0.5688
45,14,0,constant_velocity,14,2.5805,0.6155
45,0,0,constant_velocity,0,3.4000,0.5000
45,0,0,constant_velocity,2,3.2271,0.5041
45,0,0,constant_velocity,4,3.0508,0.5187
45,0,0,constant_velocity,6,2.8962,0.5413
45,0,0,constant_velocity,8,2.7416,0.5728
45,0,0,constant_velocity,10,2.5981,0.6134
45,0,0,constant_velocity,12,2.4682,0.6526
45,0,0,constant_velocity,14,2.3564,0.6882
46,7,0,constant_velocity,0,3.3200,0.5000
46,7,0,constant_velocity,2,3.1714,0.5046
46,7,0,constant_velocity,4,3.0162,0.5033
46,7,0,constant_velocity,6,2.8620,0.4846
46,7,0,constant_velocity,8,2.7169,0.4678
46,7,0,constant_velocity,10,2.5899,0.4564
46,7,0,constant_velocity,12,2.4743,0.4480
46,7,0,constant_velocity,14,2.3647,0.4346
46,13,0,constant_velocity,0,3.3200,0.5000
46,13,0,constant_velocity,2,3.1674,0.5088
46,13,0,constant_velocity,4,3.0376,0.5135
46,13,0,constant_velocity,6,2.9174,0.5230
46,13,0,constant_velocity,8,2.7864,0.5300
46,13,0,constant_velocity,10,2.6629,0.5357
46,13,0,constant_velocity,12,2.5537,0.5430
46,13,0,constant_velocity,14,2.4392,0.5475
46,0,0,constant_velocity,0,3.3200,0.5000
46,0,0,constant_velocity,2,3.1681,0.4944
46,0,0,constant_velocity,4,3.0198,0.5063
46,0,0,constant_velocity,6,2.8668,0.5544
46,0,0,constant_velocity,8,2.6959,0.6183
46,0,0,constant_velocity,10,2.5233,0.6845
46,0,0,constant_velocity,12,2.3537,0.7628
46,0,0,constant_velocity,14,2.1913,0.8624
47,9,0,constant_velocity,0,3.2400,0.5000
47,9,0,constant_velocity,2,3.0878,0.4991
47,9,0,constant_velocity,4,2.9505,0.4944
47,9,0,constant_velocity,6,2.8310,0.4796
47,9,0,constant_velocity,8,2.7241,0.4596
47,9,0,constant_velocity,10,2.6078,0.4377
47,9,0,constant_velocity,12,2.4876,0.4182
47,9,0,constant_velocity,14,2.3544,0.4031
47,10,0,constant_velocity,0,3.2400,0.5000
47,10,0,constant_velocity,2,3.1005,0.5003
47,10,0,constant_velocity,4,2.9662,0.5042
47,10,0,constant_velocity,6,2.8365,0.5147
47,10,0,constant_velocity,8,2.7042,0.5122
47,10,0,constant_velocity,10,2.5749,0.4993
47,10,0,constant_velocity,12,2.4386,0.4732
47,10,0,constant_velocity,14,2.3063,0.4340
47,0,0,constant_velocity,0,3.2400,0.5000
47,0,0,constant_velocity,2,3.0796,0.5042
47,0,0,constant_velocity,4,2.9215,0.5014
47,0,0,constant_velocity,6,2.7547,0.5244
47,0,0,constant_velocity,8,2.5927,0.5643
47,0,0,constant_velocity,10,2.4314,0.6252
47,0,0,constant_velocity,12,2.2524,0.6802
47,0,0,constant_velocity,14,2.0799,0.7211
48,2,0,constant_velocity,0,3.1600,0.5000
48,2,0,constant_velocity,2,3.0083,0.5035
48,2,0,constant_velocity,4,2.8434,0.5052
48,2,0,constant_velocity,6,2.6591,0.5077
48,2,0,constant_velocity,8,2.4852,0.5126
48,2,0,constant_velocity,10,2.3107,0.5331
48,2,0,constant_velocity,12,2.1241,0.5455
48,2,0,constant_velocity,14,1.9255,0.5528
48,6,0,constant_velocity,0,3.1600,0.5000
48,6,0,constant_velocity,2,3.0069,0.4992
48,6,0,constant_velocity,4,2.8642,0.4911
48,6,0,constant_velocity,6,2.7064,0.4742
48,6,0,constant_velocity,8,2.5358,0.4577
48,6,0,constant_velocity,10,2.3479,0.4294
48,6,0,constant_velocity,12,2.1497,0.4176
48,6,0,constant_velocity,14,1.9604,0.4062
48,7,0,constant_velocity,0,3.1600,0.5000
48,7,0,constant_velocity,2,3.0050,0.4968
48,7,0,constant_velocity,4,2.8460,0.4923
48,7,0,constant_velocity,6,2.6745,0.4816
48,7,0,constant_velocity,8,2.4900,0.4685
48,7,0,constant_velocity,10,2.2989,0.4690
48,7,0,constant_velocity,12,2.1088,0.4661
48,7,0,constant_velocity,14,1.9146,0.4791
49,3,0,constant_velocity,0,3.0800,0.5000
49,3,0,constant_velocity,2,2.9274,0.4933
49,3,0,constant_velocity,4,2.7855,0.4718
49,3,0,constant_velocity,6,2.6379,0.4739
49,3,0,constant_velocity,8,2.4891,0.4856
49,3,0,constant_velocity,10,2.3386,0.4938
49,3,0,constant_velocity,12,2.1693,0.4889
49,3,0,constant_velocity,14,2.0008,0.4819
49,4,0,constant_velocity,0,3.0800,0.5000
49,4,0,constant_velocity,2,2.9264,0.5036
49,4,0,constant_velocity,4,2.7791,0.5124
49,4,0,constant_velocity,6,2.6321,0.4975
49,4,0,constant_velocity,8,2.4822,0.4866
49,4,0,constant_velocity,10,2.3352,0.4621
49,4,0,constant_velocity,12,2.1809,0.4482
49,4,0,constant_velocity,14,2.0174,0.4327
49,6,0,constant_velocity,0,3.0800,0.5000
49,6,0,constant_velocity,2,2.9228,0.4986
49,6,0,constant_velocity,4,2.7682,0.4927
49,6,0,constant_velocity,6,2.6197,0.4818
49,6,0,constant_velocity,8,2.4929,0.4760
49,6,0,constant_velocity,10,2.3804,0.4778
49,6,0,constant_velocity,12,2.2667,0.4824
49,6,0,constant_velocity,14,2.1410,0.4875
50,4,0,constant_velocity,0,3.0000,0.5000
50,4,0,constant_velocity,2,2.8437,0.5035
50,4,0,constant_velocity,4,2.6816,0.4982
50,4,0,constant_velocity,6,2.5008,0.4886
50,4,0,constant_velocity,8,2.3315,0.4719
50,4,0,constant_velocity,10,2.1593,0.4559
50,4,0,constant_velocity,12,2.0097,0.4276
50,4,0,constant_velocity,14,1.8570,0.4082
50,6,0,constant_velocity,0,3.0000,0.5000
50,6,0,constant_velocity,2,2.8515,0.5049
50,6,0,constant_velocity,4,2.7087,0.5183
50,6,0,constant_velocity,6,2.5453,0.5471
50,6,0,constant_velocity,8,2.3782,0.5765
50,6,0,constant_velocity,10,2.2042,0.6104
50,6,0,constant_velocity,12,2.0262,0.6405
50,6,0,constant_velocity,14,1.8602,0.6866
50,9,0,constant_velocity,0,3.0000,0.5000
50,9,0,constant_velocity,2,2.8443,0.4988
50,9,0,constant_velocity,4,2.7069,0.5008
50,9,0,constant_velocity,6,2.5751,0.5107
50,9,0,constant_velocity,8,2.4630,0.5114
50,9,0,constant_velocity,10,2.3643,0.5071
50,9,0,constant_velocity,12,2.2487,0.5226
50,9,0,constant_velocity,14,2.1334,0.5401
51,1,0,constant_velocity,0,2.9200,0.5000
51,1,0,constant_velocity,2,2.7668,0.5084
51,1,0,constant_velocity,4,2.6137,0.5180
51,1,0,constant_velocity,6,2.4619,0.5230
51,1,0,constant_velocity,8,2.3055,0.5027
51,1,0,constant_velocity,10,2.1427,0.4643
51,1,0,constant_velocity,12,1.9756,0.4229
51,1,0,constant_velocity,14,1.7970,0.3869
51,9,0,constant_velocity,0,2.9200,0.5000
51,9,0,constant_velocity,2,2.7665,0.5137
51,9,0,constant_velocity,4,2.6119,0.5200
51,9,0,constant_velocity,6,2.4708,0.5247
51,9,0,constant_velocity,8,2.3318,0.5280
51,9,0,constant_velocity,10,2.2101,0.5403
51,9,0,constant_velocity,12,2.0923,0.5643
51,9,0,constant_velocity,14,1.9779,0.5778
51,0,0,constant_velocity,0,2.9200,0.5000
51,0,0,constant_velocity,2,2.7592,0.5006
51,0,0,constant_velocity,4,2.6055,0.5010
51,0,0,constant_velocity,6,2.4749,0.5100
51,0,0,constant_velocity,8,2.3612,0.5208
51,0,0,constant_velocity,10,2.2440,0.5321
51,0,0,constant_velocity,12,2.1200,0.5420
51,0,0,constant_velocity,14,1.9919,0.5586
52,0,0,constant_velocity,0,2.8400,0.5000
52,0,0,constant_velocity,2,2.6992,0.5019
52,0,0,constant_velocity,4,2.5585,0.5055
52,0,0,constant_velocity,6,2.4305,0.5049
52,0,0,constant_velocity,8,2.3059,0.5095
52,0,0,constant_velocity,10,2.1902,0.5223
52,0,0,constant_velocity,12,2.0750,0.5265
52,0,0,constant_velocity,14,1.9551,0.5368
52,0,0,constant_velocity,0,2.8400,0.5000
52,0,0,constant_velocity,2,2.6736,0.5006
52,0,0,constant_velocity,4,2.5040,0.4995
52,0,0,constant_velocity,6,2.3296,0.4991
52,0,0,constant_velocity,8,2.1662,0.5023
52,0,0,constant_velocity,10,2.0155,0.5058
52,0,0,constant_velocity,12,1.8611,0.5064
52,0,0,constant_velocity,14,1.7112,0.5145
52,1,0,constant_velocity,0,2.8400,0.5000
52,1,0,constant_velocity,2,2.6760,0.4860
52,1,0,constant_velocity,4,2.4975,0.4611
52,1,0,constant_velocity,6,2.2988,0.4313
52,1,0,constant_velocity,8,2.0900,0.3905
52,1,0,constant_velocity,10,1.8798,0.3515
52,1,0,constant_velocity,12,1.6661,0.3069
52,1,0,constant_velocity,14,1.4668,0.2672
53,5,0,constant_velocity,0,2.7600,0.5000
53,5,0,constant_velocity,2,2.6111,0.5017
53,5,0,constant_velocity,4,2.4748,0.5176
53,5,0,constant_velocity,6,2.3508,0.5307
53,5,0,constant_velocity,8,2.2236,0.5432
53,5,0,constant_velocity,10,2.1011,0.5423
53,5,0,constant_velocity,12,1.9704,0.5569
53,5,0,constant_velocity,14,1.8344,0.5635
53,11,0,constant_velocity,0,2.7600,0.5000
53,11,0,constant_velocity,2,2.6082,0.4916
53,11,0,constant_velocity,4,2.4726,0.4698
53,11,0,constant_velocity,6,2.3417,0.4517
53,11,0,constant_velocity,8,2.2121,0.4349
53,11,0,constant_velocity,10,2.1113,0.4185
53,11,0,constant_velocity,12,1.9989,0.4115
53,11,0,constant_velocity,14,1.8714,0.4007
53,0,0,constant_velocity,0,2.7600,0.5000
53,0,0,constant_velocity,2,2.6085,0.4983
53,0,0,constant_velocity,4,2.4666,0.4994
53,0,0,constant_velocity,6,2.3243,0.4990
53,0,0,constant_velocity,8,2.1755,0.5058
53,0,0,constant_velocity,10,2.0163,0.5230
53,0,0,constant_velocity,12,1.8444,0.5175
53,0,0,constant_velocity,14,1.6444,0.5026
54,5,0,constant_velocity,0,2.6800,0.5000
54,5,0,constant_velocity,2,2.5317,0.4837
54,5,0,constant_velocity,4,2.3865,0.4583
54,5,0,constant_velocity,6,2.2252,0.4380
54,5,0,constant_velocity,8,2.0718,0.4199
54,5,0,constant_velocity,10,1.9273,0.4115
54,5,0,constant_velocity,12,1.7926,0.3941
54,5,0,constant_velocity,14,1.6561,0.3640
54,8,0,constant_velocity,0,2.6800,0.5000
54,8,0,constant_velocity,2,2.5222,0.4972
54,8,0,constant_velocity,4,2.3849,0.4976
54,8,0,constant_velocity,6,2.2516,0.4945
54,8,0,constant_velocity,8,2.0940,0.4993
54,8,0,constant_velocity,10,1.9261,0.5064
54,8,0,constant_velocity,12,1.7550,0.5129
54,8,0,constant_velocity,14,1.5863,0.5037
54,13,0,constant_velocity,0,2.6800,0.5000
54,13,0,constant_velocity,2,2.5302,0.4908
54,13,0,constant_velocity,4,2.3879,0.4853
54,13,0,constant_velocity,6,2.2358,0.4923
54,13,0,constant_velocity,8,2.0684,0.4882
54,13,0,constant_velocity,10,1.8787,0.4796
54,13,0,constant_velocity,12,1.6939,0.4772
54,13,0,constant_velocity,14,1.5085,0.4852
55,0,0,constant_velocity,0,2.6000,0.5000
55,0,0,constant_velocity,2,2.4403,0.4887
55,0,0,constant_velocity,4,2.2764,0.4502
55,0,0,constant_velocity,6,2.1182,0.3800
55,0,0,constant_velocity,8,1.9824,0.2999
55,0,0,constant_velocity,10,1.8630,0.2240
55,0,0,constant_velocity,12,1.7558,0.1735
55,0,0,constant_velocity,14,1.6575,0.1041
55,2,0,constant_velocity,0,2.6000,0.5000
55,2,0,constant_velocity,2,2.4341,0.4863
55,2,0,constant_velocity,4,2.2704,0.4562
55,2,0,constant_velocity,6,2.1222,0.4381
55,2,0,constant_velocity,8,1.9927,0.4266
55,2,0,constant_velocity,10,1.8706,0.4107
55,2,0,constant_velocity,12,1.7494,0.3684
55,2,0,constant_velocity,14,1.6146,0.3023
55,5,0,constant_velocity,0,2.6000,0.5000
55,5,0,constant_velocity,2,2.4461,0.5017
55,5,0,constant_velocity,4,2.2884,0.5162
55,5,0,constant_velocity,6,2.1369,0.5278
55,5,0,constant_velocity,8,2.0028,0.5447
55,5,0,constant_velocity,10,1.8691,0.5662
55,5,0,constant_velocity,12,1.7471,0.5679
55,5,0,constant_velocity,14,1.6342,0.5459
56,0,0,constant_velocity,0,2.5200,0.5000
56,0,0,constant_velocity,2,2.3657,0.4910
56,0,0,constant_velocity,4,2.2116,0.4568
56,0,0,constant_velocity,6,2.0432,0.4126
56,0,0,constant_velocity,8,1.8662,0.3630
56,0,0,constant_velocity,10,1.7071,0.3135
56,0,0,constant_velocity,12,1.5416,0.2727
56,0,0,constant_velocity,14,1.3503,0.2398
56,7,0,constant_velocity,0,2.5200,0.5000
56,7,0,constant_velocity,2,2.3716,0.5082
56,7,0,constant_velocity,4,2.2079,0.5310
56,7,0,constant_velocity,6,2.0276,0.5568
56,7,0,constant_velocity,8,1.8456,0.5623
56,7,0,constant_velocity,10,1.6648,0.5618
56,7,0,constant_velocity,12,1.4797,0.5720
56,7,0,constant_velocity,14,1.3066,0.5712
56,12,0,constant_velocity,0,2.5200,0.5000
56,12,0,constant_velocity,2,2.3713,0.4946
56,12,0,constant_velocity,4,2.2469,0.4900
56,12,0,constant_velocity,6,2.1395,0.4842
56,12,0,constant_velocity,8,2.0389,0.4638
56,12,0,constant_velocity,10,1.9399,0.4324
56,12,0,constant_velocity,12,1.8569,0.4001
56,12,0,constant_velocity,14,1.7946,0.3662
57,5,0,constant_velocity,0,2.4400,0.5000
57,5,0,constant_velocity,2,2.2865,0.5002
57,5,0,constant_velocity,4,2.1296,0.4914
57,5,0,constant_velocity,6,1.9818,0.4730
57,5,0,constant_velocity,8,1.8280,0.4468
57,5,0,constant_velocity,10,1.6923,0.4236
57,5,0,constant_velocity,12,1.5553,0.4016
57,5,0,constant_velocity,14,1.4309,0.3830
57,7,0,constant_velocity,0,2.4400,0.5000
57,7,0,constant_velocity,2,2.3002,0.4940
57,7,0,constant_velocity,4,2.1666,0.4683
57,7,0,constant_velocity,6,2.0193,0.4347
57,7,0,constant_velocity,8,1.8664,0.4073
57,7,0,constant_velocity,10,1.7175,0.3784
57,7,0,constant_velocity,12,1.5666,0.3367
57,7,0,constant_velocity,14,1.4220,0.2864
57,10,0,constant_velocity,0,2.4400,0.5000
57,10,0,constant_velocity,2,2.2852,0.5031
57,10,0,constant_velocity,4,2.1364,0.5247
57,10,0,constant_velocity,6,1.9960,0.5684
57,10,0,constant_velocity,8,1.8669,0.6223
57,10,0,constant_velocity,10,1.7543,0.6569
57,10,0,constant_velocity,12,1.6356,0.6667
57,10,0,constant_velocity,14,1.5127,0.6688
58,3,0,constant_velocity,0,2.3600,0.5000
58,3,0,constant_velocity,2,2.2126,0.5117
58,3,0,constant_velocity,4,2.0816,0.5245
58,3,0,constant_velocity,6,1.9345,0.5486
58,3,0,constant_velocity,8,1.7990,0.5613
58,3,0,constant_velocity,10,1.6556,0.5650
58,3,0,constant_velocity,12,1.5077,0.5613
58,3,0,constant_velocity,14,1.3467,0.5402
58,5,0,constant_velocity,0,2.3600,0.5000
58,5,0,constant_velocity,2,2.2109,0.5038
58,5,0,constant_velocity,4,2.0689,0.5137
58,5,0,constant_velocity,6,1.9272,0.5336
58,5,0,constant_velocity,8,1.8006,0.5467
58,5,0,constant_velocity,10,1.6662,0.5520
58,5,0,constant_velocity,12,1.5342,0.5624
58,5,0,constant_velocity,14,1.4065,0.5585
58,8,0,constant_velocity,0,2.3600,0.5000
58,8,0,constant_velocity,2,2.1903,0.5077
58,8,0,constant_velocity,4,2.0277,0.5175
58,8,0,constant_velocity,6,1.8956,0.5020
58,8,0,constant_velocity,8,1.7770,0.4791
58,8,0,constant_velocity,10,1.6648,0.4517
58,8,0,constant_velocity,12,1.5620,0.4262
58,8,0,constant_velocity,14,1.4531,0.3972
59,8,0,constant_velocity,0,2.2800,0.5000
59,8,0,constant_velocity,2,2.1308,0.5021
59,8,0,constant_velocity,4,1.9970,0.5022
59,8,0,constant_velocity,6,1.8688,0.4881
59,8,0,constant_velocity,8,1.7392,0.4539
59,8,0,constant_velocity,10,1.6004,0.4241
59,8,0,constant_velocity,12,1.4628,0.4042
59,8,0,constant_velocity,14,1.3197,0.3874
59,13,0,constant_velocity,0,2.2800,0.5000
59,13,0,constant_velocity,2,2.1270,0.4991
59,13,0,constant_velocity,4,1.9848,0.4954
59,13,0,constant_velocity,6,1.8655,0.4906
59,13,0,constant_velocity,8,1.7505,0.4848
59,13,0,constant_velocity,10,1.6477,0.4813
59,13,0,constant_velocity,12,1.5545,0.4896
59,13,0,constant_velocity,14,1.4495,0.5082
59,0,0,constant_velocity,0,2.2800,0.5000
59,0,0,constant_velocity,2,2.1247,0.5015
59,0,0,constant_velocity,4,1.9627,0.4992
59,0,0,constant_velocity,6,1.8238,0.4921
59,0,0,constant_velocity,8,1.6779,0.4754
59,0,0,constant_velocity,10,1.5035,0.4679
59,0,0,constant_velocity,12,1.3311,0.4683
59,0,0,constant_velocity,14,1.1745,0.4517
60,0,0,constant_velocity,0,2.2000,0.5000
60,0,0,constant_velocity,2,2.0494,0.4966
60,0,0,constant_velocity,4,1.9132,0.4981
60,0,0,constant_velocity,6,1.7778,0.4950
60,0,0,constant_velocity,8,1.6372,0.4822
60,0,0,constant_velocity,10,1.4962,0.4794
60,0,0,constant_velocity,12,1.3598,0.4816
60,0,0,constant_velocity,14,1.2457,0.4858
60,5,0,constant_velocity,0,2.2000,0.5000
60,5,0,constant_velocity,2,2.0462,0.5013
60,5,0,constant_velocity,4,1.8860,0.5153
60,5,0,constant_velocity,6,1.7307,0.5358
60,5,0,constant_velocity,8,1.5814,0.5516
60,5,0,constant_velocity,10,1.4401,0.5661
60,5,0,constant_velocity,12,1.2887,0.5888
60,5,0,constant_velocity,14,1.1263,0.6141
60,6,0,constant_velocity,0,2.2000,0.5000
60,6,0,constant_velocity,2,2.0409,0.4926
60,6,0,constant_velocity,4,1.9077,0.4854
60,6,0,constant_velocity,6,1.7821,0.4922
60,6,0,constant_velocity,8,1.6377,0.5110
60,6,0,constant_velocity,10,1.4977,0.5403
60,6,0,constant_velocity,12,1.3747,0.5745
60,6,0,constant_velocity,14,1.2686,0.6003
61,8,0,constant_velocity,0,2.1200,0.5000
61,8,0,constant_velocity,2,1.9765,0.4961
61,8,0,constant_velocity,4,1.8563,0.4875
61,8,0,constant_velocity,6,1.7513,0.4846
61,8,0,constant_velocity,8,1.6585,0.4739
61,8,0,constant_velocity,10,1.5685,0.4484
61,8,0,constant_velocity,12,1.4850,0.4359
61,8,0,constant_velocity,14,1.4202,0.4247
61,10,0,constant_velocity,0,2.1200,0.5000
61,10,0,constant_velocity,2,1.9783,0.5131
61,10,0,constant_velocity,4,1.8327,0.5446
61,10,0,constant_velocity,6,1.6838,0.5663
61,10,0,constant_velocity,8,1.5305,0.5768
61,10,0,constant_velocity,10,1.3732,0.5872
61,10,0,constant_velocity,12,1.2084,0.6142
61,10,0,constant_velocity,14,1.0382,0.6458
61,0,0,constant_velocity,0,2.1200,0.5000
61,0,0,constant_velocity,2,1.9659,0.4944
61,0,0,constant_velocity,4,1.8122,0.5058
61,0,0,constant_velocity,6,1.6593,0.5385
61,0,0,constant_velocity,8,1.4847,0.5927
61,0,0,constant_velocity,10,1.3082,0.6488
61,0,0,constant_velocity,12,1.1224,0.6937
61,0,0,constant_velocity,14,0.9254,0.7514
62,8,0,constant_velocity,0,2.0400,0.5000
62,8,0,constant_velocity,2,1.8909,0.4994
62,8,0,constant_velocity,4,1.7502,0.4996
62,8,0,constant_velocity,6,1.6048,0.5044
62,8,0,constant_velocity,8,1.4576,0.5153
62,8,0,constant_velocity,10,1.3103,0.5250
62,8,0,constant_velocity,12,1.1771,0.5218
62,8,0,constant_velocity,14,1.0545,0.5142
62,9,0,constant_velocity,0,2.0400,0.5000
62,9,0,constant_velocity,2,1.8794,0.4981
62,9,0,constant_velocity,4,1.7209,0.4954
62,9,0,constant_velocity,6,1.5773,0.4898
62,9,0,constant_velocity,8,1.4491,0.4870
62,9,0,constant_velocity,10,1.3334,0.4906
62,9,0,constant_velocity,12,1.2131,0.5015
62,9,0,constant_velocity,14,1.0949,0.5165
62,11,0,constant_velocity,0,2.0400,0.5000
62,11,0,constant_velocity,2,1.8965,0.4852
62,11,0,constant_velocity,4,1.7611,0.4754
62,11,0,constant_velocity,6,1.6209,0.4666
62,11,0,constant_velocity,8,1.4569,0.4612
62,11,0,constant_velocity,10,1.2953,0.4668
62,11,0,constant_velocity,12,1.1559,0.4791
62,11,0,constant_velocity,14,1.0124,0.5046
63,7,0,constant_velocity,0,1.9600,0.5000
63,7,0,constant_velocity,2,1.8085,0.4920
63,7,0,constant_velocity,4,1.6687,0.4746
63,7,0,constant_velocity,6,1.5335,0.4509
63,7,0,constant_velocity,8,1.4087,0.4266
63,7,0,constant_velocity,10,1.2685,0.3940
63,7,0,constant_velocity,12,1.1327,0.3489
63,7,0,constant_velocity,14,0.9917,0.2965
63,9,0,constant_velocity,0,1.9600,0.5000
63,9,0,constant_velocity,2,1.8105,0.4999
63,9,0,constant_velocity,4,1.6713,0.4797
63,9,0,constant_velocity,6,1.5211,0.4465
63,9,0,constant_velocity,8,1.3613,0.4039
63,9,0,constant_velocity,10,1.2054,0.3665
63,9,0,constant_velocity,12,1.0696,0.3238
63,9,0,constant_velocity,14,0.9169,0.2659
63,11,0,constant_velocity,0,1.9600,0.5000
63,11,0,constant_velocity,2,1.8109,0.5049
63,11,0,constant_velocity,4,1.6510,0.5128
63,11,0,constant_velocity,6,1.4746,0.5149
63,11,0,constant_velocity,8,1.2833,0.5234
63,11,0,constant_velocity,10,1.0776,0.5422
63,11,0,constant_velocity,12,0.8609,0.5490
63,11,0,constant_velocity,14,0.6433,0.5401
64,9,0,constant_velocity,0,1.8800,0.5000
64,9,0,constant_velocity,2,1.7213,0.4900
64,9,0,constant_velocity,4,1.5764,0.4882
64,9,0,constant_velocity,6,1.4380,0.4919
64,9,0,constant_velocity,8,1.2824,0.5014
64,9,0,constant_velocity,10,1.1386,0.4918
64,9,0,constant_velocity,12,1.0047,0.4814
64,9,0,constant_velocity,14,0.8548,0.4798
64,10,0,constant_velocity,0,1.8800,0.5000
64,10,0,constant_velocity,2,1.7332,0.5224
64,10,0,constant_velocity,4,1.5875,0.5416
64,10,0,constant_velocity,6,1.4384,0.5655
64,10,0,constant_velocity,8,1.2780,0.6108
64,10,0,constant_velocity,10,1.1239,0.6668
64,10,0,constant_velocity,12,0.9729,0.7420
64,10,0,constant_velocity,14,0.8208,0.8430
64,13,0,constant_velocity,0,1.8800,0.5000
64,13,0,constant_velocity,2,1.7291,0.4864
64,13,0,constant_velocity,4,1.5689,0.4627
64,13,0,constant_velocity,6,1.4236,0.4424
64,13,0,constant_velocity,8,1.2910,0.4082
64,13,0,constant_velocity,10,1.1504,0.3760
64,13,0,constant_velocity,12,1.0166,0.3500
64,13,0,constant_velocity,14,0.9026,0.3356
65,2,0,constant_velocity,0,1.8000,0.5000
65,2,0,constant_velocity,2,1.6516,0.5075
65,2,0,constant_velocity,4,1.5202,0.5232
65,2,0,constant_velocity,6,1.3865,0.5530
65,2,0,constant_velocity,8,1.2411,0.6099
65,2,0,constant_velocity,10,1.1008,0.6895
65,2,0,constant_velocity,12,0.9721,0.7742
65,2,0,constant_velocity,14,0.8514,0.8661
65,5,0,constant_velocity,0,1.8000,0.5000
65,5,0,constant_velocity,2,1.6534,0.5109
65,5,0,constant_velocity,4,1.5155,0.5438
65,5,0,constant_velocity,6,1.3929,0.5891
65,5,0,constant_velocity,8,1.2828,0.6450
65,5,0,constant_velocity,10,1.1874,0.7085
65,5,0,constant_velocity,12,1.0945,0.7638
65,5,0,constant_velocity,14,0.9995,0.8134
65,10,0,constant_velocity,0,1.8000,0.5000
65,10,0,constant_velocity,2,1.6451,0.5069
65,10,0,constant_velocity,4,1.5145,0.5171
65,10,0,constant_velocity,6,1.3907,0.5222
65,10,0,constant_velocity,8,1.2742,0.5146
65,10,0,constant_velocity,10,1.1458,0.5069
65,10,0,constant_velocity,12,1.0213,0.5023
65,10,0,constant_velocity,14,0.9015,0.5048
66,3,0,constant_velocity,0,1.7200,0.5000
66,3,0,constant_velocity,2,1.5629,0.5004
66,3,0,constant_velocity,4,1.4196,0.5133
66,3,0,constant_velocity,6,1.2909,0.5107
66,3,0,constant_velocity,8,1.1801,0.5082
66,3,0,constant_velocity,10,1.0652,0.5271
66,3,0,constant_velocity,12,0.9567,0.5559
66,3,0,constant_velocity,14,0.8372,0.5803
66,5,0,constant_velocity,0,1.7200,0.5000
66,5,0,constant_velocity,2,1.5798,0.5071
66,5,0,constant_velocity,4,1.4521,0.5177
66,5,0,constant_velocity,6,1.3182,0.5331
66,5,0,constant_velocity,8,1.1977,0.5430
66,5,0,constant_velocity,10,1.0778,0.5514
66,5,0,constant_velocity,12,0.9559,0.5575
66,5,0,constant_velocity,14,0.8341,0.5822
66,9,0,constant_velocity,0,1.7200,0.5000
66,9,0,constant_velocity,2,1.5624,0.4998
66,9,0,constant_velocity,4,1.4363,0.5019
66,9,0,constant_velocity,6,1.3062,0.5352
66,9,0,constant_velocity,8,1.1976,0.5962
66,9,0,constant_velocity,10,1.1038,0.6601
66,9,0,constant_velocity,12,1.0273,0.7231
66,9,0,constant_velocity,14,0.9625,0.7826
67,0,0,constant_velocity,0,1.6400,0.5000
67,0,0,constant_velocity,2,1.4960,0.5007
67,0,0,constant_velocity,4,1.3708,0.5100
67,0,0,constant_velocity,6,1.2582,0.5250
67,0,0,constant_velocity,8,1.1210,0.5504
67,0,0,constant_velocity,10,0.9696,0.5558
67,0,0,constant_velocity,12,0.8039,0.5674
67,0,0,constant_velocity,14,0.6513,0.5776
67,6,0,constant_velocity,0,1.6400,0.5000
67,6,0,constant_velocity,2,1.4852,0.4995
67,6,0,constant_velocity,4,1.3482,0.4876
67,6,0,constant_velocity,6,1.2178,0.4700
67,6,0,constant_velocity,8,1.0958,0.4427
67,6,0,constant_velocity,10,0.9806,0.4309
67,6,0,constant_velocity,12,0.8553,0.4096
67,6,0,constant_velocity,14,0.7165,0.3818
67,9,0,constant_velocity,0,1.6400,0.5000
67,9,0,constant_velocity,2,1.4869,0.5022
67,9,0,constant_velocity,4,1.3560,0.4985
67,9,0,constant_velocity,6,1.2183,0.4909
67,9,0,constant_velocity,8,1.0822,0.4724
67,9,0,constant_velocity,10,0.9548,0.4453
67,9,0,constant_velocity,12,0.8265,0.4314
67,9,0,constant_velocity,14,0.6959,0.4300
68,0,0,constant_velocity,0,1.5600,0.5000
68,0,0,constant_velocity,2,1.4108,0.5084
68,0,0,constant_velocity,4,1.2809,0.5159
68,0,0,constant_velocity,6,1.1559,0.5154
68,0,0,constant_velocity,8,1.0367,0.5284
68,0,0,constant_velocity,10,0.9073,0.5455
68,0,0,constant_velocity,12,0.7843,0.5712
68,0,0,constant_velocity,14,0.6712,0.5926
68,13,0,constant_velocity,0,1.5600,0.5000
68,13,0,constant_velocity,2,1.4093,0.4939
68,13,0,constant_velocity,4,1.2614,0.4763
68,13,0,constant_velocity,6,1.1106,0.4544
68,13,0,constant_velocity,8,0.9800,0.4396
68,13,0,constant_velocity,10,0.8634,0.4152
68,13,0,constant_velocity,12,0.7457,0.4073
68,13,0,constant_velocity,14,0.6169,0.4136
68,0,0,constant_velocity,0,1.5600,0.5000
68,0,0,constant_velocity,2,1.4058,0.4888
68,0,0,constant_velocity,4,1.2365,0.4844
68,0,0,constant_velocity,6,1.0490,0.4786
68,0,0,constant_velocity,8,0.8464,0.4627
68,0,0,constant_velocity,10,0.6438,0.4448
68,0,0,constant_velocity,12,0.4467,0.4125
68,0,0,constant_velocity,14,0.2493,0.3558
69,5,0,constant_velocity,0,1.4800,0.5000
69,5,0,constant_velocity,2,1.3292,0.5057
69,5,0,constant_velocity,4,1.1661,0.5058
69,5,0,constant_velocity,6,1.0070,0.5106
69,5,0,constant_velocity,8,0.8517,0.5274
69,5,0,constant_velocity,10,0.6791,0.5523
69,5,0,constant_velocity,12,0.5100,0.5751
69,5,0,constant_velocity,14,0.3531,0.5935
69,8,0,constant_velocity,0,1.4800,0.5000
69,8,0,constant_velocity,2,1.3266,0.5044
69,8,0,constant_velocity,4,1.1893,0.5105
69,8,0,constant_velocity,6,1.0706,0.5225
69,8,0,constant_velocity,8,0.9571,0.5616
69,8,0,constant_velocity,10,0.8147,0.6307
69,8,0,constant_velocity,12,0.6809,0.6905
69,8,0,constant_velocity,14,0.5631,0.7373
69,11,0,constant_velocity,0,1.4800,0.5000
69,11,0,constant_velocity,2,1.3138,0.5049
69,11,0,constant_velocity,4,1.1449,0.5348
69,11,0,constant_velocity,6,0.9902,0.5699
69,11,0,constant_velocity,8,0.8732,0.5932
69,11,0,constant_velocity,10,0.7735,0.6100
69,11,0,constant_velocity,12,0.6953,0.6431
69,11,0,constant_velocity,14,0.6260,0.6817
70,3,0,constant_velocity,0,1.4000,0.5000
70,3,0,constant_velocity,2,1.2436,0.4863
70,3,0,constant_velocity,4,1.0951,0.4787
70,3,0,constant_velocity,6,0.9646,0.4820
70,3,0,constant_velocity,8,0.8282,0.4857
70,3,0,constant_velocity,10,0.6781,0.4702
70,3,0,constant_velocity,12,0.5326,0.4523
70,3,0,constant_velocity,14,0.3845,0.4398
70,5,0,constant_velocity,0,1.4000,0.5000
70,5,0,constant_velocity,2,1.2357,0.4940
70,5,0,constant_velocity,4,1.0696,0.4816
70,5,0,constant_velocity,6,0.9186,0.4555
70,5,0,constant_velocity,8,0.7885,0.4379
70,5,0,constant_velocity,10,0.6651,0.4211
70,5,0,constant_velocity,12,0.5466,0.4114
70,5,0,constant_velocity,14,0.4322,0.3995
70,8,0,constant_velocity,0,1.4000,0.5000
70,8,0,constant_velocity,2,1.2493,0.5047
70,8,0,constant_velocity,4,1.1036,0.5372
70,8,0,constant_velocity,6,0.9696,0.5899
70,8,0,constant_velocity,8,0.8222,0.6437
70,8,0,constant_velocity,10,0.6755,0.6943
70,8,0,constant_velocity,12,0.5461,0.7544
70,8,0,constant_velocity,14,0.4155,0.8229
71,0,0,constant_velocity,0,1.3200,0.5000
71,0,0,constant_velocity,2,1.1706,0.5020
71,0,0,constant_velocity,4,1.0431,0.5181
71,0,0,constant_velocity,6,0.9019,0.5296
71,0,0,constant_velocity,8,0.7517,0.5503
71,0,0,constant_velocity,10,0.6000,0.5659
71,0,0,constant_velocity,12,0.4435,0.5642
71,0,0,constant_velocity,14,0.3109,0.5603
71,2,0,constant_velocity,0,1.3200,0.5000
71,2,0,constant_velocity,2,1.1642,0.4939
71,2,0,constant_velocity,4,1.0190,0.4798
71,2,0,constant_velocity,6,0.8881,0.4544
71,2,0,constant_velocity,8,0.7567,0.4319
71,2,0,constant_velocity,10,0.6187,0.4189
71,2,0,constant_velocity,12,0.4815,0.4121
71,2,0,constant_velocity,14,0.3521,0.3952
71,5,0,constant_velocity,0,1.3200,0.5000
71,5,0,constant_velocity,2,1.1665,0.5038
71,5,0,constant_velocity,4,1.0109,0.5122
71,5,0,constant_velocity,6,0.8599,0.5111
71,5,0,constant_velocity,8,0.7035,0.5090
71,5,0,constant_velocity,10,0.5474,0.5127
71,5,0,constant_velocity,12,0.4127,0.5100
71,5,0,constant_velocity,14,0.2769,0.4849
72,5,0,constant_velocity,0,1.2400,0.5000
72,5,0,constant_velocity,2,1.0948,0.4969
72,5,0,constant_velocity,4,0.9459,0.4852
72,5,0,constant_velocity,6,0.7903,0.4748
72,5,0,constant_velocity,8,0.6212,0.4567
72,5,0,constant_velocity,10,0.4348,0.4548
72,5,0,constant_velocity,12,0.2557,0.4476
72,5,0,constant_velocity,14,0.0732,0.4288
72,10,0,constant_velocity,0,1.2400,0.5000
72,10,0,constant_velocity,2,1.0914,0.5016
72,10,0,constant_velocity,4,0.9567,0.5123
72,10,0,constant_velocity,6,0.8457,0.5234
72,10,0,constant_velocity,8,0.7435,0.5294
72,10,0,constant_velocity,10,0.6503,0.5516
72,10,0,constant_velocity,12,0.5526,0.5685
72,10,0,constant_velocity,14,0.4539,0.5795
72,0,0,constant_velocity,0,1.2400,0.5000
72,0,0,constant_velocity,2,1.0693,0.5014
72,0,0,constant_velocity,4,0.8922,0.5007
72,0,0,constant_velocity,6,0.7097,0.5019
72,0,0,constant_velocity,8,0.5361,0.5013
72,0,0,constant_velocity,10,0.3713,0.4838
72,0,0,constant_velocity,12,0.2114,0.4773
72,0,0,constant_velocity,14,0.0767,0.4992
73,2,0,constant_velocity,0,1.1600,0.5000
73,2,0,constant_velocity,2,1.0065,0.4998
73,2,0,constant_velocity,4,0.8715,0.4934
73,2,0,constant_velocity,6,0.7454,0.4948
73,2,0,constant_velocity,8,0.6232,0.5077
73,2,0,constant_velocity,10,0.4906,0.5453
73,2,0,constant_velocity,12,0.3685,0.5968
73,2,0,constant_velocity,14,0.2613,0.6399
73,10,0,constant_velocity,0,1.1600,0.5000
73,10,0,constant_velocity,2,1.0040,0.5004
73,10,0,constant_velocity,4,0.8517,0.4961
73,10,0,constant_velocity,6,0.7119,0.4831
73,10,0,constant_velocity,8,0.5829,0.4629
73,10,0,constant_velocity,10,0.4630,0.4356
73,10,0,constant_velocity,12,0.3369,0.4087
73,10,0,constant_velocity,14,0.2041,0.3856
73,12,0,constant_velocity,0,1.1600,0.5000
73,12,0,constant_velocity,2,1.0144,0.5074
73,12,0,constant_velocity,4,0.8734,0.5122
73,12,0,constant_velocity,6,0.7289,0.4978
73,12,0,constant_velocity,8,0.5710,0.4876
73,12,0,constant_velocity,10,0.4144,0.4642
73,12,0,constant_velocity,12,0.2484,0.4198
73,12,0,constant_velocity,14,0.0743,0.3650
74,3,0,constant_velocity,0,1.0800,0.5000
74,3,0,constant_velocity,2,0.9371,0.5078
74,3,0,constant_velocity,4,0.8107,0.5333
74,3,0,constant_velocity,6,0.6866,0.5537
74,3,0,constant_velocity,8,0.5723,0.5754
74,3,0,constant_velocity,10,0.4447,0.5890
74,3,0,constant_velocity,12,0.3080,0.6201
74,3,0,constant_velocity,14,0.1759,0.6582
74,11,0,constant_velocity,0,1.0800,0.5000
74,11,0,constant_velocity,2,0.9224,0.4889
74,11,0,constant_velocity,4,0.7700,0.4724
74,11,0,constant_velocity,6,0.6317,0.4722
74,11,0,constant_velocity,8,0.5018,0.4709
74,11,0,constant_velocity,10,0.3853,0.4607
74,11,0,constant_velocity,12,0.2809,0.4391
74,11,0,constant_velocity,14,0.1853,0.4155
74,0,0,constant_velocity,0,1.0800,0.5000
74,0,0,constant_velocity,2,0.9183,0.5094
74,0,0,constant_velocity,4,0.7568,0.5157
74,0,0,constant_velocity,6,0.6040,0.5169
74,0,0,constant_velocity,8,0.4504,0.5218
74,0,0,constant_velocity,10,0.2973,0.5178
74,0,0,constant_velocity,12,0.1521,0.5167
74,0,0,constant_velocity,14,0.0010,0.5265
75,2,0,constant_velocity,0,1.0000,0.5000
75,2,0,constant_velocity,2,0.8444,0.5010
75,2,0,constant_velocity,4,0.6986,0.5044
75,2,0,constant_velocity,6,0.5833,0.5101
75,2,0,constant_velocity,8,0.4900,0.5050
75,2,0,constant_velocity,10,0.3871,0.4894
75,2,0,constant_velocity,12,0.2723,0.4867
75,2,0,constant_velocity,14,0.1482,0.5045
75,3,0,constant_velocity,0,1.0000,0.5000
75,3,0,constant_velocity,2,0.8484,0.4827
75,3,0,constant_velocity,4,0.6963,0.4660
75,3,0,constant_velocity,6,0.5459,0.4496
75,3,0,constant_velocity,8,0.3758,0.4209
75,3,0,constant_velocity,10,0.1949,0.3957
75,3,0,constant_velocity,12,0.0205,0.3738
75,3,0,constant_velocity,14,-0.1430,0.3363
75,12,0,constant_velocity,0,1.0000,0.5000
75,12,0,constant_velocity,2,0.8461,0.4971
75,12,0,constant_velocity,4,0.6960,0.4932
75,12,0,constant_velocity,6,0.5554,0.5001
75,12,0,constant_velocity,8,0.4332,0.5149
75,12,0,constant_velocity,10,0.3072,0.5197
75,12,0,constant_velocity,12,0.1641,0.5237
75,12,0,constant_velocity,14,0.0171,0.5126
76,1,0,constant_velocity,0,0.9200,0.5000
76,1,0,constant_velocity,2,0.7774,0.5146
76,1,0,constant_velocity,4,0.6442,0.5335
76,1,0,constant_velocity,6,0.5353,0.5495
76,1,0,constant_velocity,8,0.4360,0.5665
76,1,0,constant_velocity,10,0.3458,0.5720
76,1,0,constant_velocity,12,0.2647,0.5815
76,1,0,constant_velocity,14,0.1698,0.5969
76,0,0,constant_velocity,0,0.9200,0.5000
76,0,0,constant_velocity,2,0.7573,0.4977
76,0,0,constant_velocity,4,0.5909,0.4989
76,0,0,constant_velocity,6,0.4250,0.5152
76,0,0,constant_velocity,8,0.2453,0.5367
76,0,0,constant_velocity,10,0.0699,0.5474
76,0,0,constant_velocity,12,-0.0961,0.5746
76,0,0,constant_velocity,14,-0.2501,0.6114
76,1,0,constant_velocity,0,0.9200,0.5000
76,1,0,constant_velocity,2,0.7600,0.4995
76,1,0,constant_velocity,4,0.5807,0.5228
76,1,0,constant_velocity,6,0.3914,0.5553
76,1,0,constant_velocity,8,0.2188,0.5825
76,1,0,constant_velocity,10,0.0427,0.6044
76,1,0,constant_velocity,12,-0.1274,0.6328
76,1,0,constant_velocity,14,-0.2891,0.6624
77,2,0,constant_velocity,0,0.8400,0.5000
77,2,0,constant_velocity,2,0.6890,0.4930
77,2,0,constant_velocity,4,0.5291,0.4928
77,2,0,constant_velocity,6,0.3490,0.4995
77,2,0,constant_velocity,8,0.1552,0.4882
77,2,0,constant_velocity,10,-0.0438,0.4637
77,2,0,constant_velocity,12,-0.2447,0.4173
77,2,0,constant_velocity,14,-0.4470,0.3650
77,4,0,constant_velocity,0,0.8400,0.5000
77,4,0,constant_velocity,2,0.6894,0.4948
77,4,0,constant_velocity,4,0.5595,0.4850
77,4,0,constant_velocity,6,0.4544,0.4650
77,4,0,constant_velocity,8,0.3572,0.4426
77,4,0,constant_velocity,10,0.2624,0.4341
77,4,0,constant_velocity,12,0.1655,0.4369
77,4,0,constant_velocity,14,0.0670,0.4537
77,8,0,constant_velocity,0,0.8400,0.5000
77,8,0,constant_velocity,2,0.6902,0.4810
77,8,0,constant_velocity,4,0.5637,0.4591
77,8,0,constant_velocity,6,0.4438,0.4437
77,8,0,constant_velocity,8,0.3257,0.4089
77,8,0,constant_velocity,10,0.2095,0.3800
77,8,0,constant_velocity,12,0.0920,0.3708
77,8,0,constant_velocity,14,-0.0263,0.3752
78,6,0,constant_velocity,0,0.7600,0.5000
78,6,0,constant_velocity,2,0.6088,0.5006
78,6,0,constant_velocity,4,0.4682,0.5004
78,6,0,constant_velocity,6,0.3233,0.5130
78,6,0,constant_velocity,8,0.1703,0.5404
78,6,0,constant_velocity,10,0.0208,0.5720
78,6,0,constant_velocity,12,-0.1127,0.5926
78,6,0,constant_velocity,14,-0.2306,0.6156
78,11,0,constant_velocity,0,0.7600,0.5000
78,11,0,constant_velocity,2,0.6041,0.5029
78,11,0,constant_velocity,4,0.4549,0.5074
78,11,0,constant_velocity,6,0.2976,0.5108
78,11,0,constant_velocity,8,0.1511,0.5189
78,11,0,constant_velocity,10,0.0133,0.5281
78,11,0,constant_velocity,12,-0.1135,0.5679
78,11,0,constant_velocity,14,-0.2464,0.6315
78,0,0,constant_velocity,0,0.7600,0.5000
78,0,0,constant_velocity,2,0.5919,0.5043
78,0,0,constant_velocity,4,0.4317,0.5105
78,0,0,constant_velocity,6,0.2695,0.5351
78,0,0,constant_velocity,8,0.1047,0.5626
78,0,0,constant_velocity,10,-0.0752,0.5996
78,0,0,constant_velocity,12,-0.2616,0.6440
78,0,0,constant_velocity,14,-0.4548,0.6847
79,9,0,constant_velocity,0,0.6800,0.5000
79,9,0,constant_velocity,2,0.5299,0.5064
79,9,0,constant_velocity,4,0.4044,0.5168
79,9,0,constant_velocity,6,0.3076,0.5242
79,9,0,constant_velocity,8,0.2108,0.5358
79,9,0,constant_velocity,10,0.1281,0.5519
79,9,0,constant_velocity,12,0.0581,0.5457
79,9,0,constant_velocity,14,-0.0081,0.5351
79,11,0,constant_velocity,0,0.6800,0.5000
79,11,0,constant_velocity,2,0.5366,0.5232
79,11,0,constant_velocity,4,0.3962,0.5695
79,11,0,constant_velocity,6,0.2618,0.6326
79,11,0,constant_velocity,8,0.1400,0.7022
79,11,0,constant_velocity,10,0.0044,0.7748
79,11,0,constant_velocity,12,-0.1492,0.8450
79,11,0,constant_velocity,14,-0.2877,0.9163
79,0,0,constant_velocity,0,0.6800,0.5000
79,0,0,constant_velocity,2,0.5189,0.5064
79,0,0,constant_velocity,4,0.3559,0.5301
79,0,0,constant_velocity,6,0.1838,0.5565
79,0,0,constant_velocity,8,0.0248,0.5700
79,0,0,constant_velocity,10,-0.1259,0.5831
79,0,0,constant_velocity,12,-0.2898,0.5945
79,0,0,constant_velocity,14,-0.4520,0.6039
