step,weight_type,mode,weight,true_mode
0,UNIFORM,constant_velocity,0.166667,constant_velocity
0,UNIFORM,decelerating,0.166667,constant_velocity
0,UNIFORM,lane_change_left,0.166667,constant_velocity
0,UNIFORM,lane_change_right,0.166667,constant_velocity
0,UNIFORM,turn_left,0.166667,constant_velocity
0,UNIFORM,turn_right,0.166667,constant_velocity
1,UNIFORM,constant_velocity,0.166667,constant_velocity
1,UNIFORM,decelerating,0.166667,constant_velocity
1,UNIFORM,lane_change_left,0.166667,constant_velocity
1,UNIFORM,lane_change_right,0.166667,constant_velocity
1,UNIFORM,turn_left,0.166667,constant_velocity
1,UNIFORM,turn_right,0.166667,constant_velocity
2,UNIFORM,constant_velocity,0.166667,constant_velocity
2,UNIFORM,decelerating,0.166667,constant_velocity
2,UNIFORM,lane_change_left,0.166667,constant_velocity
2,UNIFORM,lane_change_right,0.166667,constant_velocity
2,UNIFORM,turn_left,0.166667,constant_velocity
2,UNIFORM,turn_right,0.166667,constant_velocity
3,UNIFORM,constant_velocity,0.166667,constant_velocity
3,UNIFORM,decelerating,0.166667,constant_velocity
3,UNIFORM,lane_change_left,0.166667,constant_velocity
3,UNIFORM,lane_change_right,0.166667,constant_velocity
3,UNIFORM,turn_left,0.166667,constant_velocity
3,UNIFORM,turn_right,0.166667,constant_velocity
4,UNIFORM,constant_velocity,0.166667,constant_velocity
4,UNIFORM,decelerating,0.166667,constant_velocity
4,UNIFORM,lane_change_left,0.166667,constant_velocity
4,UNIFORM,lane_change_right,0.166667,constant_velocity
4,UNIFORM,turn_left,0.166667,constant_velocity
4,UNIFORM,turn_right,0.166667,constant_velocity
5,UNIFORM,constant_velocity,0.166667,constant_velocity
5,UNIFORM,decelerating,0.166667,constant_velocity
5,UNIFORM,lane_change_left,0.166667,constant_velocity
5,UNIFORM,lane_change_right,0.166667,constant_velocity
5,UNIFORM,turn_left,0.166667,constant_velocity
5,UNIFORM,turn_right,0.166667,constant_velocity
6,UNIFORM,constant_velocity,0.166667,constant_velocity
6,UNIFORM,decelerating,0.166667,constant_velocity
6,UNIFORM,lane_change_left,0.166667,constant_velocity
6,UNIFORM,lane_change_right,0.166667,constant_velocity
6,UNIFORM,turn_left,0.166667,constant_velocity
6,UNIFORM,turn_right,0.166667,constant_velocity
7,UNIFORM,constant_velocity,0.166667,constant_velocity
7,UNIFORM,decelerating,0.166667,constant_velocity
7,UNIFORM,lane_change_left,0.166667,constant_velocity
7,UNIFORM,lane_change_right,0.166667,constant_velocity
7,UNIFORM,turn_left,0.166667,constant_velocity
7,UNIFORM,turn_right,0.166667,constant_velocity
8,UNIFORM,constant_velocity,0.166667,constant_velocity
8,UNIFORM,decelerating,0.166667,constant_velocity
8,UNIFORM,lane_change_left,0.166667,constant_velocity
8,UNIFORM,lane_change_right,0.166667,constant_velocity
8,UNIFORM,turn_left,0.166667,constant_velocity
8,UNIFORM,turn_right,0.166667,constant_velocity
9,UNIFORM,constant_velocity,0.166667,constant_velocity
9,UNIFORM,decelerating,0.166667,constant_velocity
9,UNIFORM,lane_change_left,0.166667,constant_velocity
9,UNIFORM,lane_change_right,0.166667,constant_velocity
9,UNIFORM,turn_left,0.166667,constant_velocity
9,UNIFORM,turn_right,0.166667,constant_velocity
10,UNIFORM,constant_velocity,0.166667,constant_velocity
10,UNIFORM,decelerating,0.166667,constant_velocity
10,UNIFORM,lane_change_left,0.166667,constant_velocity
10,UNIFORM,lane_change_right,0.166667,constant_velocity
10,UNIFORM,turn_left,0.166667,constant_velocity
10,UNIFORM,turn_right,0.166667,constant_velocity
11,UNIFORM,constant_velocity,0.166667,constant_velocity
11,UNIFORM,decelerating,0.166667,constant_velocity
11,UNIFORM,lane_change_left,0.166667,constant_velocity
11,UNIFORM,lane_change_right,0.166667,constant_velocity
11,UNIFORM,turn_left,0.166667,constant_velocity
11,UNIFORM,turn_right,0.166667,constant_velocity
12,UNIFORM,constant_velocity,0.166667,constant_velocity
12,UNIFORM,decelerating,0.166667,constant_velocity
12,UNIFORM,lane_change_left,0.166667,constant_velocity
12,UNIFORM,lane_change_right,0.166667,constant_velocity
12,UNIFORM,turn_left,0.166667,constant_velocity
12,UNIFORM,turn_right,0.166667,constant_velocity
13,UNIFORM,constant_velocity,0.166667,constant_velocity
13,UNIFORM,decelerating,0.166667,constant_velocity
13,UNIFORM,lane_change_left,0.166667,constant_velocity
13,UNIFORM,lane_change_right,0.166667,constant_velocity
13,UNIFORM,turn_left,0.166667,constant_velocity
13,UNIFORM,turn_right,0.166667,constant_velocity
14,UNIFORM,constant_velocity,0.166667,constant_velocity
14,UNIFORM,decelerating,0.166667,constant_velocity
14,UNIFORM,lane_change_left,0.166667,constant_velocity
14,UNIFORM,lane_change_right,0.166667,constant_velocity
14,UNIFORM,turn_left,0.166667,constant_velocity
14,UNIFORM,turn_right,0.166667,constant_velocity
15,UNIFORM,constant_velocity,0.166667,constant_velocity
15,UNIFORM,decelerating,0.166667,constant_velocity
15,UNIFORM,lane_change_left,0.166667,constant_velocity
15,UNIFORM,lane_change_right,0.166667,constant_velocity
15,UNIFORM,turn_left,0.166667,constant_velocity
15,UNIFORM,turn_right,0.166667,constant_velocity
16,UNIFORM,constant_velocity,0.166667,constant_velocity
16,UNIFORM,decelerating,0.166667,constant_velocity
16,UNIFORM,lane_change_left,0.166667,constant_velocity
16,UNIFORM,lane_change_right,0.166667,constant_velocity
16,UNIFORM,turn_left,0.166667,constant_velocity
16,UNIFORM,turn_right,0.166667,constant_velocity
17,UNIFORM,constant_velocity,0.166667,constant_velocity
17,UNIFORM,decelerating,0.166667,constant_velocity
17,UNIFORM,lane_change_left,0.166667,constant_velocity
17,UNIFORM,lane_change_right,0.166667,constant_velocity
17,UNIFORM,turn_left,0.166667,constant_velocity
17,UNIFORM,turn_right,0.166667,constant_velocity
18,UNIFORM,constant_velocity,0.166667,constant_velocity
18,UNIFORM,decelerating,0.166667,constant_velocity
18,UNIFORM,lane_change_left,0.166667,constant_velocity
18,UNIFORM,lane_change_right,0.166667,constant_velocity
18,UNIFORM,turn_left,0.166667,constant_velocity
18,UNIFORM,turn_right,0.166667,constant_velocity
19,UNIFORM,constant_velocity,0.166667,constant_velocity
19,UNIFORM,decelerating,0.166667,constant_velocity
19,UNIFORM,lane_change_left,0.166667,constant_velocity
19,UNIFORM,lane_change_right,0.166667,constant_velocity
19,UNIFORM,turn_left,0.166667,constant_velocity
19,UNIFORM,turn_right,0.166667,constant_velocity
20,UNIFORM,constant_velocity,0.166667,turn_left
20,UNIFORM,decelerating,0.166667,turn_left
20,UNIFORM,lane_change_left,0.166667,turn_left
20,UNIFORM,lane_change_right,0.166667,turn_left
20,UNIFORM,turn_left,0.166667,turn_left
20,UNIFORM,turn_right,0.166667,turn_left
21,UNIFORM,constant_velocity,0.166667,turn_left
21,UNIFORM,decelerating,0.166667,turn_left
21,UNIFORM,lane_change_left,0.166667,turn_left
21,UNIFORM,lane_change_right,0.166667,turn_left
21,UNIFORM,turn_left,0.166667,turn_left
21,UNIFORM,turn_right,0.166667,turn_left
22,UNIFORM,constant_velocity,0.166667,turn_left
22,UNIFORM,decelerating,0.166667,turn_left
22,UNIFORM,lane_change_left,0.166667,turn_left
22,UNIFORM,lane_change_right,0.166667,turn_left
22,UNIFORM,turn_left,0.166667,turn_left
22,UNIFORM,turn_right,0.166667,turn_left
23,UNIFORM,constant_velocity,0.166667,turn_left
23,UNIFORM,decelerating,0.166667,turn_left
23,UNIFORM,lane_change_left,0.166667,turn_left
23,UNIFORM,lane_change_right,0.166667,turn_left
23,UNIFORM,turn_left,0.166667,turn_left
23,UNIFORM,turn_right,0.166667,turn_left
24,UNIFORM,constant_velocity,0.166667,turn_left
24,UNIFORM,decelerating,0.166667,turn_left
24,UNIFORM,lane_change_left,0.166667,turn_left
24,UNIFORM,lane_change_right,0.166667,turn_left
24,UNIFORM,turn_left,0.166667,turn_left
24,UNIFORM,turn_right,0.166667,turn_left
25,UNIFORM,constant_velocity,0.166667,turn_left
25,UNIFORM,decelerating,0.166667,turn_left
25,UNIFORM,lane_change_left,0.166667,turn_left
25,UNIFORM,lane_change_right,0.166667,turn_left
25,UNIFORM,turn_left,0.166667,turn_left
25,UNIFORM,turn_right,0.166667,turn_left
26,UNIFORM,constant_velocity,0.166667,turn_left
26,UNIFORM,decelerating,0.166667,turn_left
26,UNIFORM,lane_change_left,0.166667,turn_left
26,UNIFORM,lane_change_right,0.166667,turn_left
26,UNIFORM,turn_left,0.166667,turn_left
26,UNIFORM,turn_right,0.166667,turn_left
27,UNIFORM,constant_velocity,0.166667,turn_left
27,UNIFORM,decelerating,0.166667,turn_left
27,UNIFORM,lane_change_left,0.166667,turn_left
27,UNIFORM,lane_change_right,0.166667,turn_left
27,UNIFORM,turn_left,0.166667,turn_left
27,UNIFORM,turn_right,0.166667,turn_left
28,UNIFORM,constant_velocity,0.166667,turn_left
28,UNIFORM,decelerating,0.166667,turn_left
28,UNIFORM,lane_change_left,0.166667,turn_left
28,UNIFORM,lane_change_right,0.166667,turn_left
28,UNIFORM,turn_left,0.166667,turn_left
28,UNIFORM,turn_right,0.166667,turn_left
29,UNIFORM,constant_velocity,0.166667,turn_left
29,UNIFORM,decelerating,0.166667,turn_left
29,UNIFORM,lane_change_left,0.166667,turn_left
29,UNIFORM,lane_change_right,0.166667,turn_left
29,UNIFORM,turn_left,0.166667,turn_left
29,UNIFORM,turn_right,0.166667,turn_left
30,UNIFORM,constant_velocity,0.166667,turn_left
30,UNIFORM,decelerating,0.166667,turn_left
30,UNIFORM,lane_change_left,0.166667,turn_left
30,UNIFORM,lane_change_right,0.166667,turn_left
30,UNIFORM,turn_left,0.166667,turn_left
30,UNIFORM,turn_right,0.166667,turn_left
31,UNIFORM,constant_velocity,0.166667,turn_left
31,UNIFORM,decelerating,0.166667,turn_left
31,UNIFORM,lane_change_left,0.166667,turn_left
31,UNIFORM,lane_change_right,0.166667,turn_left
31,UNIFORM,turn_left,0.166667,turn_left
31,UNIFORM,turn_right,0.166667,turn_left
32,UNIFORM,constant_velocity,0.166667,turn_left
32,UNIFORM,decelerating,0.166667,turn_left
32,UNIFORM,lane_change_left,0.166667,turn_left
32,UNIFORM,lane_change_right,0.166667,turn_left
32,UNIFORM,turn_left,0.166667,turn_left
32,UNIFORM,turn_right,0.166667,turn_left
33,UNIFORM,constant_velocity,0.166667,turn_left
33,UNIFORM,decelerating,0.166667,turn_left
33,UNIFORM,lane_change_left,0.166667,turn_left
33,UNIFORM,lane_change_right,0.166667,turn_left
33,UNIFORM,turn_left,0.166667,turn_left
33,UNIFORM,turn_right,0.166667,turn_left
34,UNIFORM,constant_velocity,0.166667,turn_left
34,UNIFORM,decelerating,0.166667,turn_left
34,UNIFORM,lane_change_left,0.166667,turn_left
34,UNIFORM,lane_change_right,0.166667,turn_left
34,UNIFORM,turn_left,0.166667,turn_left
34,UNIFORM,turn_right,0.166667,turn_left
35,UNIFORM,constant_velocity,0.166667,turn_left
35,UNIFORM,decelerating,0.166667,turn_left
35,UNIFORM,lane_change_left,0.166667,turn_left
35,UNIFORM,lane_change_right,0.166667,turn_left
35,UNIFORM,turn_left,0.166667,turn_left
35,UNIFORM,turn_right,0.166667,turn_left
36,UNIFORM,constant_velocity,0.166667,turn_left
36,UNIFORM,decelerating,0.166667,turn_left
36,UNIFORM,lane_change_left,0.166667,turn_left
36,UNIFORM,lane_change_right,0.166667,turn_left
36,UNIFORM,turn_left,0.166667,turn_left
36,UNIFORM,turn_right,0.166667,turn_left
37,UNIFORM,constant_velocity,0.166667,turn_left
37,UNIFORM,decelerating,0.166667,turn_left
37,UNIFORM,lane_change_left,0.166667,turn_left
37,UNIFORM,lane_change_right,0.166667,turn_left
37,UNIFORM,turn_left,0.166667,turn_left
37,UNIFORM,turn_right,0.166667,turn_left
38,UNIFORM,constant_velocity,0.166667,turn_left
38,UNIFORM,decelerating,0.166667,turn_left
38,UNIFORM,lane_change_left,0.166667,turn_left
38,UNIFORM,lane_change_right,0.166667,turn_left
38,UNIFORM,turn_left,0.166667,turn_left
38,UNIFORM,turn_right,0.166667,turn_left
39,UNIFORM,constant_velocity,0.166667,turn_left
39,UNIFORM,decelerating,0.166667,turn_left
39,UNIFORM,lane_change_left,0.166667,turn_left
39,UNIFORM,lane_change_right,0.166667,turn_left
39,UNIFORM,turn_left,0.166667,turn_left
39,UNIFORM,turn_right,0.166667,turn_left
40,UNIFORM,constant_velocity,0.166667,decelerating
40,UNIFORM,decelerating,0.166667,decelerating
40,UNIFORM,lane_change_left,0.166667,decelerating
40,UNIFORM,lane_change_right,0.166667,decelerating
40,UNIFORM,turn_left,0.166667,decelerating
40,UNIFORM,turn_right,0.166667,decelerating
41,UNIFORM,constant_velocity,0.166667,decelerating
41,UNIFORM,decelerating,0.166667,decelerating
41,UNIFORM,lane_change_left,0.166667,decelerating
41,UNIFORM,lane_change_right,0.166667,decelerating
41,UNIFORM,turn_left,0.166667,decelerating
41,UNIFORM,turn_right,0.166667,decelerating
42,UNIFORM,constant_velocity,0.166667,decelerating
42,UNIFORM,decelerating,0.166667,decelerating
42,UNIFORM,lane_change_left,0.166667,decelerating
42,UNIFORM,lane_change_right,0.166667,decelerating
42,UNIFORM,turn_left,0.166667,decelerating
42,UNIFORM,turn_right,0.166667,decelerating
43,UNIFORM,constant_velocity,0.166667,decelerating
43,UNIFORM,decelerating,0.166667,decelerating
43,UNIFORM,lane_change_left,0.166667,decelerating
43,UNIFORM,lane_change_right,0.166667,decelerating
43,UNIFORM,turn_left,0.166667,decelerating
43,UNIFORM,turn_right,0.166667,decelerating
44,UNIFORM,constant_velocity,0.166667,decelerating
44,UNIFORM,decelerating,0.166667,decelerating
44,UNIFORM,lane_change_left,0.166667,decelerating
44,UNIFORM,lane_change_right,0.166667,decelerating
44,UNIFORM,turn_left,0.166667,decelerating
44,UNIFORM,turn_right,0.166667,decelerating
45,UNIFORM,constant_velocity,0.166667,decelerating
45,UNIFORM,decelerating,0.166667,decelerating
45,UNIFORM,lane_change_left,0.166667,decelerating
45,UNIFORM,lane_change_right,0.166667,decelerating
45,UNIFORM,turn_left,0.166667,decelerating
45,UNIFORM,turn_right,0.166667,decelerating
46,UNIFORM,constant_velocity,0.166667,decelerating
46,UNIFORM,decelerating,0.166667,decelerating
46,UNIFORM,lane_change_left,0.166667,decelerating
46,UNIFORM,lane_change_right,0.166667,decelerating
46,UNIFORM,turn_left,0.166667,decelerating
46,UNIFORM,turn_right,0.166667,decelerating
47,UNIFORM,constant_velocity,0.166667,decelerating
47,UNIFORM,decelerating,0.166667,decelerating
47,UNIFORM,lane_change_left,0.166667,decelerating
47,UNIFORM,lane_change_right,0.166667,decelerating
47,UNIFORM,turn_left,0.166667,decelerating
47,UNIFORM,turn_right,0.166667,decelerating
48,UNIFORM,constant_velocity,0.166667,decelerating
48,UNIFORM,decelerating,0.166667,decelerating
48,UNIFORM,lane_change_left,0.166667,decelerating
48,UNIFORM,lane_change_right,0.166667,decelerating
48,UNIFORM,turn_left,0.166667,decelerating
48,UNIFORM,turn_right,0.166667,decelerating
49,UNIFORM,constant_velocity,0.166667,decelerating
49,UNIFORM,decelerating,0.166667,decelerating
49,UNIFORM,lane_change_left,0.166667,decelerating
49,UNIFORM,lane_change_right,0.166667,decelerating
49,UNIFORM,turn_left,0.166667,decelerating
49,UNIFORM,turn_right,0.166667,decelerating
50,UNIFORM,constant_velocity,0.166667,decelerating
50,UNIFORM,decelerating,0.166667,decelerating
50,UNIFORM,lane_change_left,0.166667,decelerating
50,UNIFORM,lane_change_right,0.166667,decelerating
50,UNIFORM,turn_left,0.166667,decelerating
50,UNIFORM,turn_right,0.166667,decelerating
51,UNIFORM,constant_velocity,0.166667,decelerating
51,UNIFORM,decelerating,0.166667,decelerating
51,UNIFORM,lane_change_left,0.166667,decelerating
51,UNIFORM,lane_change_right,0.166667,decelerating
51,UNIFORM,turn_left,0.166667,decelerating
51,UNIFORM,turn_right,0.166667,decelerating
52,UNIFORM,constant_velocity,0.166667,decelerating
52,UNIFORM,decelerating,0.166667,decelerating
52,UNIFORM,lane_change_left,0.166667,decelerating
52,UNIFORM,lane_change_right,0.166667,decelerating
52,UNIFORM,turn_left,0.166667,decelerating
52,UNIFORM,turn_right,0.166667,decelerating
53,UNIFORM,constant_velocity,0.166667,decelerating
53,UNIFORM,decelerating,0.166667,decelerating
53,UNIFORM,lane_change_left,0.166667,decelerating
53,UNIFORM,lane_change_right,0.166667,decelerating
53,UNIFORM,turn_left,0.166667,decelerating
53,UNIFORM,turn_right,0.166667,decelerating
54,UNIFORM,constant_velocity,0.166667,decelerating
54,UNIFORM,decelerating,0.166667,decelerating
54,UNIFORM,lane_change_left,0.166667,decelerating
54,UNIFORM,lane_change_right,0.166667,decelerating
54,UNIFORM,turn_left,0.166667,decelerating
54,UNIFORM,turn_right,0.166667,decelerating
55,UNIFORM,constant_velocity,0.166667,decelerating
55,UNIFORM,decelerating,0.166667,decelerating
55,UNIFORM,lane_change_left,0.166667,decelerating
55,UNIFORM,lane_change_right,0.166667,decelerating
55,UNIFORM,turn_left,0.166667,decelerating
55,UNIFORM,turn_right,0.166667,decelerating
56,UNIFORM,constant_velocity,0.166667,decelerating
56,UNIFORM,decelerating,0.166667,decelerating
56,UNIFORM,lane_change_left,0.166667,decelerating
56,UNIFORM,lane_change_right,0.166667,decelerating
56,UNIFORM,turn_left,0.166667,decelerating
56,UNIFORM,turn_right,0.166667,decelerating
57,UNIFORM,constant_velocity,0.166667,decelerating
57,UNIFORM,decelerating,0.166667,decelerating
57,UNIFORM,lane_change_left,0.166667,decelerating
57,UNIFORM,lane_change_right,0.166667,decelerating
57,UNIFORM,turn_left,0.166667,decelerating
57,UNIFORM,turn_right,0.166667,decelerating
58,UNIFORM,constant_velocity,0.166667,decelerating
58,UNIFORM,decelerating,0.166667,decelerating
58,UNIFORM,lane_change_left,0.166667,decelerating
58,UNIFORM,lane_change_right,0.166667,decelerating
58,UNIFORM,turn_left,0.166667,decelerating
58,UNIFORM,turn_right,0.166667,decelerating
59,UNIFORM,constant_velocity,0.166667,decelerating
59,UNIFORM,decelerating,0.166667,decelerating
59,UNIFORM,lane_change_left,0.166667,decelerating
59,UNIFORM,lane_change_right,0.166667,decelerating
59,UNIFORM,turn_left,0.166667,decelerating
59,UNIFORM,turn_right,0.166667,decelerating
0,FREQUENCY,constant_velocity,1.000000,constant_velocity
0,FREQUENCY,decelerating,0.000000,constant_velocity
0,FREQUENCY,lane_change_left,0.000000,constant_velocity
0,FREQUENCY,lane_change_right,0.000000,constant_velocity
0,FREQUENCY,turn_left,0.000000,constant_velocity
0,FREQUENCY,turn_right,0.000000,constant_velocity
1,FREQUENCY,constant_velocity,1.000000,constant_velocity
1,FREQUENCY,decelerating,0.000000,constant_velocity
1,FREQUENCY,lane_change_left,0.000000,constant_velocity
1,FREQUENCY,lane_change_right,0.000000,constant_velocity
1,FREQUENCY,turn_left,0.000000,constant_velocity
1,FREQUENCY,turn_right,0.000000,constant_velocity
2,FREQUENCY,constant_velocity,1.000000,constant_velocity
2,FREQUENCY,decelerating,0.000000,constant_velocity
2,FREQUENCY,lane_change_left,0.000000,constant_velocity
2,FREQUENCY,lane_change_right,0.000000,constant_velocity
2,FREQUENCY,turn_left,0.000000,constant_velocity
2,FREQUENCY,turn_right,0.000000,constant_velocity
3,FREQUENCY,constant_velocity,1.000000,constant_velocity
3,FREQUENCY,decelerating,0.000000,constant_velocity
3,FREQUENCY,lane_change_left,0.000000,constant_velocity
3,FREQUENCY,lane_change_right,0.000000,constant_velocity
3,FREQUENCY,turn_left,0.000000,constant_velocity
3,FREQUENCY,turn_right,0.000000,constant_velocity
4,FREQUENCY,constant_velocity,1.000000,constant_velocity
4,FREQUENCY,decelerating,0.000000,constant_velocity
4,FREQUENCY,lane_change_left,0.000000,constant_velocity
4,FREQUENCY,lane_change_right,0.000000,constant_velocity
4,FREQUENCY,turn_left,0.000000,constant_velocity
4,FREQUENCY,turn_right,0.000000,constant_velocity
5,FREQUENCY,constant_velocity,1.000000,constant_velocity
5,FREQUENCY,decelerating,0.000000,constant_velocity
5,FREQUENCY,lane_change_left,0.000000,constant_velocity
5,FREQUENCY,lane_change_right,0.000000,constant_velocity
5,FREQUENCY,turn_left,0.000000,constant_velocity
5,FREQUENCY,turn_right,0.000000,constant_velocity
6,FREQUENCY,constant_velocity,1.000000,constant_velocity
6,FREQUENCY,decelerating,0.000000,constant_velocity
6,FREQUENCY,lane_change_left,0.000000,constant_velocity
6,FREQUENCY,lane_change_right,0.000000,constant_velocity
6,FREQUENCY,turn_left,0.000000,constant_velocity
6,FREQUENCY,turn_right,0.000000,constant_velocity
7,FREQUENCY,constant_velocity,1.000000,constant_velocity
7,FREQUENCY,decelerating,0.000000,constant_velocity
7,FREQUENCY,lane_change_left,0.000000,constant_velocity
7,FREQUENCY,lane_change_right,0.000000,constant_velocity
7,FREQUENCY,turn_left,0.000000,constant_velocity
7,FREQUENCY,turn_right,0.000000,constant_velocity
8,FREQUENCY,constant_velocity,1.000000,constant_velocity
8,FREQUENCY,decelerating,0.000000,constant_velocity
8,FREQUENCY,lane_change_left,0.000000,constant_velocity
8,FREQUENCY,lane_change_right,0.000000,constant_velocity
8,FREQUENCY,turn_left,0.000000,constant_velocity
8,FREQUENCY,turn_right,0.000000,constant_velocity
9,FREQUENCY,constant_velocity,1.000000,constant_velocity
9,FREQUENCY,decelerating,0.000000,constant_velocity
9,FREQUENCY,lane_change_left,0.000000,constant_velocity
9,FREQUENCY,lane_change_right,0.000000,constant_velocity
9,FREQUENCY,turn_left,0.000000,constant_velocity
9,FREQUENCY,turn_right,0.000000,constant_velocity
10,FREQUENCY,constant_velocity,1.000000,constant_velocity
10,FREQUENCY,decelerating,0.000000,constant_velocity
10,FREQUENCY,lane_change_left,0.000000,constant_velocity
10,FREQUENCY,lane_change_right,0.000000,constant_velocity
10,FREQUENCY,turn_left,0.000000,constant_velocity
10,FREQUENCY,turn_right,0.000000,constant_velocity
11,FREQUENCY,constant_velocity,1.000000,constant_velocity
11,FREQUENCY,decelerating,0.000000,constant_velocity
11,FREQUENCY,lane_change_left,0.000000,constant_velocity
11,FREQUENCY,lane_change_right,0.000000,constant_velocity
11,FREQUENCY,turn_left,0.000000,constant_velocity
11,FREQUENCY,turn_right,0.000000,constant_velocity
12,FREQUENCY,constant_velocity,1.000000,constant_velocity
12,FREQUENCY,decelerating,0.000000,constant_velocity
12,FREQUENCY,lane_change_left,0.000000,constant_velocity
12,FREQUENCY,lane_change_right,0.000000,constant_velocity
12,FREQUENCY,turn_left,0.000000,constant_velocity
12,FREQUENCY,turn_right,0.000000,constant_velocity
13,FREQUENCY,constant_velocity,1.000000,constant_velocity
13,FREQUENCY,decelerating,0.000000,constant_velocity
13,FREQUENCY,lane_change_left,0.000000,constant_velocity
13,FREQUENCY,lane_change_right,0.000000,constant_velocity
13,FREQUENCY,turn_left,0.000000,constant_velocity
13,FREQUENCY,turn_right,0.000000,constant_velocity
14,FREQUENCY,constant_velocity,1.000000,constant_velocity
14,FREQUENCY,decelerating,0.000000,constant_velocity
14,FREQUENCY,lane_change_left,0.000000,constant_velocity
14,FREQUENCY,lane_change_right,0.000000,constant_velocity
14,FREQUENCY,turn_left,0.000000,constant_velocity
14,FREQUENCY,turn_right,0.000000,constant_velocity
15,FREQUENCY,constant_velocity,1.000000,constant_velocity
15,FREQUENCY,decelerating,0.000000,constant_velocity
15,FREQUENCY,lane_change_left,0.000000,constant_velocity
15,FREQUENCY,lane_change_right,0.000000,constant_velocity
15,FREQUENCY,turn_left,0.000000,constant_velocity
15,FREQUENCY,turn_right,0.000000,constant_velocity
16,FREQUENCY,constant_velocity,1.000000,constant_velocity
16,FREQUENCY,decelerating,0.000000,constant_velocity
16,FREQUENCY,lane_change_left,0.000000,constant_velocity
16,FREQUENCY,lane_change_right,0.000000,constant_velocity
16,FREQUENCY,turn_left,0.000000,constant_velocity
16,FREQUENCY,turn_right,0.000000,constant_velocity
17,FREQUENCY,constant_velocity,1.000000,constant_velocity
17,FREQUENCY,decelerating,0.000000,constant_velocity
17,FREQUENCY,lane_change_left,0.000000,constant_velocity
17,FREQUENCY,lane_change_right,0.000000,constant_velocity
17,FREQUENCY,turn_left,0.000000,constant_velocity
17,FREQUENCY,turn_right,0.000000,constant_velocity
18,FREQUENCY,constant_velocity,1.000000,constant_velocity
18,FREQUENCY,decelerating,0.000000,constant_velocity
18,FREQUENCY,lane_change_left,0.000000,constant_velocity
18,FREQUENCY,lane_change_right,0.000000,constant_velocity
18,FREQUENCY,turn_left,0.000000,constant_velocity
18,FREQUENCY,turn_right,0.000000,constant_velocity
19,FREQUENCY,constant_velocity,1.000000,constant_velocity
19,FREQUENCY,decelerating,0.000000,constant_velocity
19,FREQUENCY,lane_change_left,0.000000,constant_velocity
19,FREQUENCY,lane_change_right,0.000000,constant_velocity
19,FREQUENCY,turn_left,0.000000,constant_velocity
19,FREQUENCY,turn_right,0.000000,constant_velocity
20,FREQUENCY,constant_velocity,0.952381,turn_left
20,FREQUENCY,decelerating,0.000000,turn_left
20,FREQUENCY,lane_change_left,0.000000,turn_left
20,FREQUENCY,lane_change_right,0.000000,turn_left
20,FREQUENCY,turn_left,0.047619,turn_left
20,FREQUENCY,turn_right,0.000000,turn_left
21,FREQUENCY,constant_velocity,0.909091,turn_left
21,FREQUENCY,decelerating,0.000000,turn_left
21,FREQUENCY,lane_change_left,0.000000,turn_left
21,FREQUENCY,lane_change_right,0.000000,turn_left
21,FREQUENCY,turn_left,0.090909,turn_left
21,FREQUENCY,turn_right,0.000000,turn_left
22,FREQUENCY,constant_velocity,0.869565,turn_left
22,FREQUENCY,decelerating,0.000000,turn_left
22,FREQUENCY,lane_change_left,0.000000,turn_left
22,FREQUENCY,lane_change_right,0.000000,turn_left
22,FREQUENCY,turn_left,0.130435,turn_left
22,FREQUENCY,turn_right,0.000000,turn_left
23,FREQUENCY,constant_velocity,0.833333,turn_left
23,FREQUENCY,decelerating,0.000000,turn_left
23,FREQUENCY,lane_change_left,0.000000,turn_left
23,FREQUENCY,lane_change_right,0.000000,turn_left
23,FREQUENCY,turn_left,0.166667,turn_left
23,FREQUENCY,turn_right,0.000000,turn_left
24,FREQUENCY,constant_velocity,0.800000,turn_left
24,FREQUENCY,decelerating,0.000000,turn_left
24,FREQUENCY,lane_change_left,0.000000,turn_left
24,FREQUENCY,lane_change_right,0.000000,turn_left
24,FREQUENCY,turn_left,0.200000,turn_left
24,FREQUENCY,turn_right,0.000000,turn_left
25,FREQUENCY,constant_velocity,0.769231,turn_left
25,FREQUENCY,decelerating,0.000000,turn_left
25,FREQUENCY,lane_change_left,0.000000,turn_left
25,FREQUENCY,lane_change_right,0.000000,turn_left
25,FREQUENCY,turn_left,0.230769,turn_left
25,FREQUENCY,turn_right,0.000000,turn_left
26,FREQUENCY,constant_velocity,0.740741,turn_left
26,FREQUENCY,decelerating,0.000000,turn_left
26,FREQUENCY,lane_change_left,0.000000,turn_left
26,FREQUENCY,lane_change_right,0.000000,turn_left
26,FREQUENCY,turn_left,0.259259,turn_left
26,FREQUENCY,turn_right,0.000000,turn_left
27,FREQUENCY,constant_velocity,0.714286,turn_left
27,FREQUENCY,decelerating,0.000000,turn_left
27,FREQUENCY,lane_change_left,0.000000,turn_left
27,FREQUENCY,lane_change_right,0.000000,turn_left
27,FREQUENCY,turn_left,0.285714,turn_left
27,FREQUENCY,turn_right,0.000000,turn_left
28,FREQUENCY,constant_velocity,0.689655,turn_left
28,FREQUENCY,decelerating,0.000000,turn_left
28,FREQUENCY,lane_change_left,0.000000,turn_left
28,FREQUENCY,lane_change_right,0.000000,turn_left
28,FREQUENCY,turn_left,0.310345,turn_left
28,FREQUENCY,turn_right,0.000000,turn_left
29,FREQUENCY,constant_velocity,0.666667,turn_left
29,FREQUENCY,decelerating,0.000000,turn_left
29,FREQUENCY,lane_change_left,0.000000,turn_left
29,FREQUENCY,lane_change_right,0.000000,turn_left
29,FREQUENCY,turn_left,0.333333,turn_left
29,FREQUENCY,turn_right,0.000000,turn_left
30,FREQUENCY,constant_velocity,0.645161,turn_left
30,FREQUENCY,decelerating,0.000000,turn_left
30,FREQUENCY,lane_change_left,0.000000,turn_left
30,FREQUENCY,lane_change_right,0.000000,turn_left
30,FREQUENCY,turn_left,0.354839,turn_left
30,FREQUENCY,turn_right,0.000000,turn_left
31,FREQUENCY,constant_velocity,0.625000,turn_left
31,FREQUENCY,decelerating,0.000000,turn_left
31,FREQUENCY,lane_change_left,0.000000,turn_left
31,FREQUENCY,lane_change_right,0.000000,turn_left
31,FREQUENCY,turn_left,0.375000,turn_left
31,FREQUENCY,turn_right,0.000000,turn_left
32,FREQUENCY,constant_velocity,0.606061,turn_left
32,FREQUENCY,decelerating,0.000000,turn_left
32,FREQUENCY,lane_change_left,0.000000,turn_left
32,FREQUENCY,lane_change_right,0.000000,turn_left
32,FREQUENCY,turn_left,0.393939,turn_left
32,FREQUENCY,turn_right,0.000000,turn_left
33,FREQUENCY,constant_velocity,0.588235,turn_left
33,FREQUENCY,decelerating,0.000000,turn_left
33,FREQUENCY,lane_change_left,0.000000,turn_left
33,FREQUENCY,lane_change_right,0.000000,turn_left
33,FREQUENCY,turn_left,0.411765,turn_left
33,FREQUENCY,turn_right,0.000000,turn_left
34,FREQUENCY,constant_velocity,0.571429,turn_left
34,FREQUENCY,decelerating,0.000000,turn_left
34,FREQUENCY,lane_change_left,0.000000,turn_left
34,FREQUENCY,lane_change_right,0.000000,turn_left
34,FREQUENCY,turn_left,0.428571,turn_left
34,FREQUENCY,turn_right,0.000000,turn_left
35,FREQUENCY,constant_velocity,0.555556,turn_left
35,FREQUENCY,decelerating,0.000000,turn_left
35,FREQUENCY,lane_change_left,0.000000,turn_left
35,FREQUENCY,lane_change_right,0.000000,turn_left
35,FREQUENCY,turn_left,0.444444,turn_left
35,FREQUENCY,turn_right,0.000000,turn_left
36,FREQUENCY,constant_velocity,0.540541,turn_left
36,FREQUENCY,decelerating,0.000000,turn_left
36,FREQUENCY,lane_change_left,0.000000,turn_left
36,FREQUENCY,lane_change_right,0.000000,turn_left
36,FREQUENCY,turn_left,0.459459,turn_left
36,FREQUENCY,turn_right,0.000000,turn_left
37,FREQUENCY,constant_velocity,0.526316,turn_left
37,FREQUENCY,decelerating,0.000000,turn_left
37,FREQUENCY,lane_change_left,0.000000,turn_left
37,FREQUENCY,lane_change_right,0.000000,turn_left
37,FREQUENCY,turn_left,0.473684,turn_left
37,FREQUENCY,turn_right,0.000000,turn_left
38,FREQUENCY,constant_velocity,0.512821,turn_left
38,FREQUENCY,decelerating,0.000000,turn_left
38,FREQUENCY,lane_change_left,0.000000,turn_left
38,FREQUENCY,lane_change_right,0.000000,turn_left
38,FREQUENCY,turn_left,0.487179,turn_left
38,FREQUENCY,turn_right,0.000000,turn_left
39,FREQUENCY,constant_velocity,0.500000,turn_left
39,FREQUENCY,decelerating,0.000000,turn_left
39,FREQUENCY,lane_change_left,0.000000,turn_left
39,FREQUENCY,lane_change_right,0.000000,turn_left
39,FREQUENCY,turn_left,0.500000,turn_left
39,FREQUENCY,turn_right,0.000000,turn_left
40,FREQUENCY,constant_velocity,0.487805,decelerating
40,FREQUENCY,decelerating,0.024390,decelerating
40,FREQUENCY,lane_change_left,0.000000,decelerating
40,FREQUENCY,lane_change_right,0.000000,decelerating
40,FREQUENCY,turn_left,0.487805,decelerating
40,FREQUENCY,turn_right,0.000000,decelerating
41,FREQUENCY,constant_velocity,0.476190,decelerating
41,FREQUENCY,decelerating,0.047619,decelerating
41,FREQUENCY,lane_change_left,0.000000,decelerating
41,FREQUENCY,lane_change_right,0.000000,decelerating
41,FREQUENCY,turn_left,0.476190,decelerating
41,FREQUENCY,turn_right,0.000000,decelerating
42,FREQUENCY,constant_velocity,0.465116,decelerating
42,FREQUENCY,decelerating,0.069767,decelerating
42,FREQUENCY,lane_change_left,0.000000,decelerating
42,FREQUENCY,lane_change_right,0.000000,decelerating
42,FREQUENCY,turn_left,0.465116,decelerating
42,FREQUENCY,turn_right,0.000000,decelerating
43,FREQUENCY,constant_velocity,0.454545,decelerating
43,FREQUENCY,decelerating,0.090909,decelerating
43,FREQUENCY,lane_change_left,0.000000,decelerating
43,FREQUENCY,lane_change_right,0.000000,decelerating
43,FREQUENCY,turn_left,0.454545,decelerating
43,FREQUENCY,turn_right,0.000000,decelerating
44,FREQUENCY,constant_velocity,0.444444,decelerating
44,FREQUENCY,decelerating,0.111111,decelerating
44,FREQUENCY,lane_change_left,0.000000,decelerating
44,FREQUENCY,lane_change_right,0.000000,decelerating
44,FREQUENCY,turn_left,0.444444,decelerating
44,FREQUENCY,turn_right,0.000000,decelerating
45,FREQUENCY,constant_velocity,0.434783,decelerating
45,FREQUENCY,decelerating,0.130435,decelerating
45,FREQUENCY,lane_change_left,0.000000,decelerating
45,FREQUENCY,lane_change_right,0.000000,decelerating
45,FREQUENCY,turn_left,0.434783,decelerating
45,FREQUENCY,turn_right,0.000000,decelerating
46,FREQUENCY,constant_velocity,0.425532,decelerating
46,FREQUENCY,decelerating,0.148936,decelerating
46,FREQUENCY,lane_change_left,0.000000,decelerating
46,FREQUENCY,lane_change_right,0.000000,decelerating
46,FREQUENCY,turn_left,0.425532,decelerating
46,FREQUENCY,turn_right,0.000000,decelerating
47,FREQUENCY,constant_velocity,0.416667,decelerating
47,FREQUENCY,decelerating,0.166667,decelerating
47,FREQUENCY,lane_change_left,0.000000,decelerating
47,FREQUENCY,lane_change_right,0.000000,decelerating
47,FREQUENCY,turn_left,0.416667,decelerating
47,FREQUENCY,turn_right,0.000000,decelerating
48,FREQUENCY,constant_velocity,0.408163,decelerating
48,FREQUENCY,decelerating,0.183673,decelerating
48,FREQUENCY,lane_change_left,0.000000,decelerating
48,FREQUENCY,lane_change_right,0.000000,decelerating
48,FREQUENCY,turn_left,0.408163,decelerating
48,FREQUENCY,turn_right,0.000000,decelerating
49,FREQUENCY,constant_velocity,0.400000,decelerating
49,FREQUENCY,decelerating,0.200000,decelerating
49,FREQUENCY,lane_change_left,0.000000,decelerating
49,FREQUENCY,lane_change_right,0.000000,decelerating
49,FREQUENCY,turn_left,0.400000,decelerating
49,FREQUENCY,turn_right,0.000000,decelerating
50,FREQUENCY,constant_velocity,0.392157,decelerating
50,FREQUENCY,decelerating,0.215686,decelerating
50,FREQUENCY,lane_change_left,0.000000,decelerating
50,FREQUENCY,lane_change_right,0.000000,decelerating
50,FREQUENCY,turn_left,0.392157,decelerating
50,FREQUENCY,turn_right,0.000000,decelerating
51,FREQUENCY,constant_velocity,0.384615,decelerating
51,FREQUENCY,decelerating,0.230769,decelerating
51,FREQUENCY,lane_change_left,0.000000,decelerating
51,FREQUENCY,lane_change_right,0.000000,decelerating
51,FREQUENCY,turn_left,0.384615,decelerating
51,FREQUENCY,turn_right,0.000000,decelerating
52,FREQUENCY,constant_velocity,0.377358,decelerating
52,FREQUENCY,decelerating,0.245283,decelerating
52,FREQUENCY,lane_change_left,0.000000,decelerating
52,FREQUENCY,lane_change_right,0.000000,decelerating
52,FREQUENCY,turn_left,0.377358,decelerating
52,FREQUENCY,turn_right,0.000000,decelerating
53,FREQUENCY,constant_velocity,0.370370,decelerating
53,FREQUENCY,decelerating,0.259259,decelerating
53,FREQUENCY,lane_change_left,0.000000,decelerating
53,FREQUENCY,lane_change_right,0.000000,decelerating
53,FREQUENCY,turn_left,0.370370,decelerating
53,FREQUENCY,turn_right,0.000000,decelerating
54,FREQUENCY,constant_velocity,0.363636,decelerating
54,FREQUENCY,decelerating,0.272727,decelerating
54,FREQUENCY,lane_change_left,0.000000,decelerating
54,FREQUENCY,lane_change_right,0.000000,decelerating
54,FREQUENCY,turn_left,0.363636,decelerating
54,FREQUENCY,turn_right,0.000000,decelerating
55,FREQUENCY,constant_velocity,0.357143,decelerating
55,FREQUENCY,decelerating,0.285714,decelerating
55,FREQUENCY,lane_change_left,0.000000,decelerating
55,FREQUENCY,lane_change_right,0.000000,decelerating
55,FREQUENCY,turn_left,0.357143,decelerating
55,FREQUENCY,turn_right,0.000000,decelerating
56,FREQUENCY,constant_velocity,0.350877,decelerating
56,FREQUENCY,decelerating,0.298246,decelerating
56,FREQUENCY,lane_change_left,0.000000,decelerating
56,FREQUENCY,lane_change_right,0.000000,decelerating
56,FREQUENCY,turn_left,0.350877,decelerating
56,FREQUENCY,turn_right,0.000000,decelerating
57,FREQUENCY,constant_velocity,0.344828,decelerating
57,FREQUENCY,decelerating,0.310345,decelerating
57,FREQUENCY,lane_change_left,0.000000,decelerating
57,FREQUENCY,lane_change_right,0.000000,decelerating
57,FREQUENCY,turn_left,0.344828,decelerating
57,FREQUENCY,turn_right,0.000000,decelerating
58,FREQUENCY,constant_velocity,0.338983,decelerating
58,FREQUENCY,decelerating,0.322034,decelerating
58,FREQUENCY,lane_change_left,0.000000,decelerating
58,FREQUENCY,lane_change_right,0.000000,decelerating
58,FREQUENCY,turn_left,0.338983,decelerating
58,FREQUENCY,turn_right,0.000000,decelerating
59,FREQUENCY,constant_velocity,0.333333,decelerating
59,FREQUENCY,decelerating,0.333333,decelerating
59,FREQUENCY,lane_change_left,0.000000,decelerating
59,FREQUENCY,lane_change_right,0.000000,decelerating
59,FREQUENCY,turn_left,0.333333,decelerating
59,FREQUENCY,turn_right,0.000000,decelerating
0,RECENCY,constant_velocity,1.000000,constant_velocity
0,RECENCY,decelerating,0.000000,constant_velocity
0,RECENCY,lane_change_left,0.000000,constant_velocity
0,RECENCY,lane_change_right,0.000000,constant_velocity
0,RECENCY,turn_left,0.000000,constant_velocity
0,RECENCY,turn_right,0.000000,constant_velocity
1,RECENCY,constant_velocity,1.000000,constant_velocity
1,RECENCY,decelerating,0.000000,constant_velocity
1,RECENCY,lane_change_left,0.000000,constant_velocity
1,RECENCY,lane_change_right,0.000000,constant_velocity
1,RECENCY,turn_left,0.000000,constant_velocity
1,RECENCY,turn_right,0.000000,constant_velocity
2,RECENCY,constant_velocity,1.000000,constant_velocity
2,RECENCY,decelerating,0.000000,constant_velocity
2,RECENCY,lane_change_left,0.000000,constant_velocity
2,RECENCY,lane_change_right,0.000000,constant_velocity
2,RECENCY,turn_left,0.000000,constant_velocity
2,RECENCY,turn_right,0.000000,constant_velocity
3,RECENCY,constant_velocity,1.000000,constant_velocity
3,RECENCY,decelerating,0.000000,constant_velocity
3,RECENCY,lane_change_left,0.000000,constant_velocity
3,RECENCY,lane_change_right,0.000000,constant_velocity
3,RECENCY,turn_left,0.000000,constant_velocity
3,RECENCY,turn_right,0.000000,constant_velocity
4,RECENCY,constant_velocity,1.000000,constant_velocity
4,RECENCY,decelerating,0.000000,constant_velocity
4,RECENCY,lane_change_left,0.000000,constant_velocity
4,RECENCY,lane_change_right,0.000000,constant_velocity
4,RECENCY,turn_left,0.000000,constant_velocity
4,RECENCY,turn_right,0.000000,constant_velocity
5,RECENCY,constant_velocity,1.000000,constant_velocity
5,RECENCY,decelerating,0.000000,constant_velocity
5,RECENCY,lane_change_left,0.000000,constant_velocity
5,RECENCY,lane_change_right,0.000000,constant_velocity
5,RECENCY,turn_left,0.000000,constant_velocity
5,RECENCY,turn_right,0.000000,constant_velocity
6,RECENCY,constant_velocity,1.000000,constant_velocity
6,RECENCY,decelerating,0.000000,constant_velocity
6,RECENCY,lane_change_left,0.000000,constant_velocity
6,RECENCY,lane_change_right,0.000000,constant_velocity
6,RECENCY,turn_left,0.000000,constant_velocity
6,RECENCY,turn_right,0.000000,constant_velocity
7,RECENCY,constant_velocity,1.000000,constant_velocity
7,RECENCY,decelerating,0.000000,constant_velocity
7,RECENCY,lane_change_left,0.000000,constant_velocity
7,RECENCY,lane_change_right,0.000000,constant_velocity
7,RECENCY,turn_left,0.000000,constant_velocity
7,RECENCY,turn_right,0.000000,constant_velocity
8,RECENCY,constant_velocity,1.000000,constant_velocity
8,RECENCY,decelerating,0.000000,constant_velocity
8,RECENCY,lane_change_left,0.000000,constant_velocity
8,RECENCY,lane_change_right,0.000000,constant_velocity
8,RECENCY,turn_left,0.000000,constant_velocity
8,RECENCY,turn_right,0.000000,constant_velocity
9,RECENCY,constant_velocity,1.000000,constant_velocity
9,RECENCY,decelerating,0.000000,constant_velocity
9,RECENCY,lane_change_left,0.000000,constant_velocity
9,RECENCY,lane_change_right,0.000000,constant_velocity
9,RECENCY,turn_left,0.000000,constant_velocity
9,RECENCY,turn_right,0.000000,constant_velocity
10,RECENCY,constant_velocity,1.000000,constant_velocity
10,RECENCY,decelerating,0.000000,constant_velocity
10,RECENCY,lane_change_left,0.000000,constant_velocity
10,RECENCY,lane_change_right,0.000000,constant_velocity
10,RECENCY,turn_left,0.000000,constant_velocity
10,RECENCY,turn_right,0.000000,constant_velocity
11,RECENCY,constant_velocity,1.000000,constant_velocity
11,RECENCY,decelerating,0.000000,constant_velocity
11,RECENCY,lane_change_left,0.000000,constant_velocity
11,RECENCY,lane_change_right,0.000000,constant_velocity
11,RECENCY,turn_left,0.000000,constant_velocity
11,RECENCY,turn_right,0.000000,constant_velocity
12,RECENCY,constant_velocity,1.000000,constant_velocity
12,RECENCY,decelerating,0.000000,constant_velocity
12,RECENCY,lane_change_left,0.000000,constant_velocity
12,RECENCY,lane_change_right,0.000000,constant_velocity
12,RECENCY,turn_left,0.000000,constant_velocity
12,RECENCY,turn_right,0.000000,constant_velocity
13,RECENCY,constant_velocity,1.000000,constant_velocity
13,RECENCY,decelerating,0.000000,constant_velocity
13,RECENCY,lane_change_left,0.000000,constant_velocity
13,RECENCY,lane_change_right,0.000000,constant_velocity
13,RECENCY,turn_left,0.000000,constant_velocity
13,RECENCY,turn_right,0.000000,constant_velocity
14,RECENCY,constant_velocity,1.000000,constant_velocity
14,RECENCY,decelerating,0.000000,constant_velocity
14,RECENCY,lane_change_left,0.000000,constant_velocity
14,RECENCY,lane_change_right,0.000000,constant_velocity
14,RECENCY,turn_left,0.000000,constant_velocity
14,RECENCY,turn_right,0.000000,constant_velocity
15,RECENCY,constant_velocity,1.000000,constant_velocity
15,RECENCY,decelerating,0.000000,constant_velocity
15,RECENCY,lane_change_left,0.000000,constant_velocity
15,RECENCY,lane_change_right,0.000000,constant_velocity
15,RECENCY,turn_left,0.000000,constant_velocity
15,RECENCY,turn_right,0.000000,constant_velocity
16,RECENCY,constant_velocity,1.000000,constant_velocity
16,RECENCY,decelerating,0.000000,constant_velocity
16,RECENCY,lane_change_left,0.000000,constant_velocity
16,RECENCY,lane_change_right,0.000000,constant_velocity
16,RECENCY,turn_left,0.000000,constant_velocity
16,RECENCY,turn_right,0.000000,constant_velocity
17,RECENCY,constant_velocity,1.000000,constant_velocity
17,RECENCY,decelerating,0.000000,constant_velocity
17,RECENCY,lane_change_left,0.000000,constant_velocity
17,RECENCY,lane_change_right,0.000000,constant_velocity
17,RECENCY,turn_left,0.000000,constant_velocity
17,RECENCY,turn_right,0.000000,constant_velocity
18,RECENCY,constant_velocity,1.000000,constant_velocity
18,RECENCY,decelerating,0.000000,constant_velocity
18,RECENCY,lane_change_left,0.000000,constant_velocity
18,RECENCY,lane_change_right,0.000000,constant_velocity
18,RECENCY,turn_left,0.000000,constant_velocity
18,RECENCY,turn_right,0.000000,constant_velocity
19,RECENCY,constant_velocity,1.000000,constant_velocity
19,RECENCY,decelerating,0.000000,constant_velocity
19,RECENCY,lane_change_left,0.000000,constant_velocity
19,RECENCY,lane_change_right,0.000000,constant_velocity
19,RECENCY,turn_left,0.000000,constant_velocity
19,RECENCY,turn_right,0.000000,constant_velocity
20,RECENCY,constant_velocity,0.844890,turn_left
20,RECENCY,decelerating,0.000000,turn_left
20,RECENCY,lane_change_left,0.000000,turn_left
20,RECENCY,lane_change_right,0.000000,turn_left
20,RECENCY,turn_left,0.155110,turn_left
20,RECENCY,turn_right,0.000000,turn_left
21,RECENCY,constant_velocity,0.714505,turn_left
21,RECENCY,decelerating,0.000000,turn_left
21,RECENCY,lane_change_left,0.000000,turn_left
21,RECENCY,lane_change_right,0.000000,turn_left
21,RECENCY,turn_left,0.285495,turn_left
21,RECENCY,turn_right,0.000000,turn_left
22,RECENCY,constant_velocity,0.604716,turn_left
22,RECENCY,decelerating,0.000000,turn_left
22,RECENCY,lane_change_left,0.000000,turn_left
22,RECENCY,lane_change_right,0.000000,turn_left
22,RECENCY,turn_left,0.395284,turn_left
22,RECENCY,turn_right,0.000000,turn_left
23,RECENCY,constant_velocity,0.512135,turn_left
23,RECENCY,decelerating,0.000000,turn_left
23,RECENCY,lane_change_left,0.000000,turn_left
23,RECENCY,lane_change_right,0.000000,turn_left
23,RECENCY,turn_left,0.487865,turn_left
23,RECENCY,turn_right,0.000000,turn_left
24,RECENCY,constant_velocity,0.433971,turn_left
24,RECENCY,decelerating,0.000000,turn_left
24,RECENCY,lane_change_left,0.000000,turn_left
24,RECENCY,lane_change_right,0.000000,turn_left
24,RECENCY,turn_left,0.566029,turn_left
24,RECENCY,turn_right,0.000000,turn_left
25,RECENCY,constant_velocity,0.367910,turn_left
25,RECENCY,decelerating,0.000000,turn_left
25,RECENCY,lane_change_left,0.000000,turn_left
25,RECENCY,lane_change_right,0.000000,turn_left
25,RECENCY,turn_left,0.632090,turn_left
25,RECENCY,turn_right,0.000000,turn_left
26,RECENCY,constant_velocity,0.312029,turn_left
26,RECENCY,decelerating,0.000000,turn_left
26,RECENCY,lane_change_left,0.000000,turn_left
26,RECENCY,lane_change_right,0.000000,turn_left
26,RECENCY,turn_left,0.687971,turn_left
26,RECENCY,turn_right,0.000000,turn_left
27,RECENCY,constant_velocity,0.264725,turn_left
27,RECENCY,decelerating,0.000000,turn_left
27,RECENCY,lane_change_left,0.000000,turn_left
27,RECENCY,lane_change_right,0.000000,turn_left
27,RECENCY,turn_left,0.735275,turn_left
27,RECENCY,turn_right,0.000000,turn_left
28,RECENCY,constant_velocity,0.224656,turn_left
28,RECENCY,decelerating,0.000000,turn_left
28,RECENCY,lane_change_left,0.000000,turn_left
28,RECENCY,lane_change_right,0.000000,turn_left
28,RECENCY,turn_left,0.775344,turn_left
28,RECENCY,turn_right,0.000000,turn_left
29,RECENCY,constant_velocity,0.190699,turn_left
29,RECENCY,decelerating,0.000000,turn_left
29,RECENCY,lane_change_left,0.000000,turn_left
29,RECENCY,lane_change_right,0.000000,turn_left
29,RECENCY,turn_left,0.809301,turn_left
29,RECENCY,turn_right,0.000000,turn_left
30,RECENCY,constant_velocity,0.161907,turn_left
30,RECENCY,decelerating,0.000000,turn_left
30,RECENCY,lane_change_left,0.000000,turn_left
30,RECENCY,lane_change_right,0.000000,turn_left
30,RECENCY,turn_left,0.838093,turn_left
30,RECENCY,turn_right,0.000000,turn_left
31,RECENCY,constant_velocity,0.137487,turn_left
31,RECENCY,decelerating,0.000000,turn_left
31,RECENCY,lane_change_left,0.000000,turn_left
31,RECENCY,lane_change_right,0.000000,turn_left
31,RECENCY,turn_left,0.862513,turn_left
31,RECENCY,turn_right,0.000000,turn_left
32,RECENCY,constant_velocity,0.116766,turn_left
32,RECENCY,decelerating,0.000000,turn_left
32,RECENCY,lane_change_left,0.000000,turn_left
32,RECENCY,lane_change_right,0.000000,turn_left
32,RECENCY,turn_left,0.883234,turn_left
32,RECENCY,turn_right,0.000000,turn_left
33,RECENCY,constant_velocity,0.099181,turn_left
33,RECENCY,decelerating,0.000000,turn_left
33,RECENCY,lane_change_left,0.000000,turn_left
33,RECENCY,lane_change_right,0.000000,turn_left
33,RECENCY,turn_left,0.900819,turn_left
33,RECENCY,turn_right,0.000000,turn_left
34,RECENCY,constant_velocity,0.084254,turn_left
34,RECENCY,decelerating,0.000000,turn_left
34,RECENCY,lane_change_left,0.000000,turn_left
34,RECENCY,lane_change_right,0.000000,turn_left
34,RECENCY,turn_left,0.915746,turn_left
34,RECENCY,turn_right,0.000000,turn_left
35,RECENCY,constant_velocity,0.071579,turn_left
35,RECENCY,decelerating,0.000000,turn_left
35,RECENCY,lane_change_left,0.000000,turn_left
35,RECENCY,lane_change_right,0.000000,turn_left
35,RECENCY,turn_left,0.928421,turn_left
35,RECENCY,turn_right,0.000000,turn_left
36,RECENCY,constant_velocity,0.060816,turn_left
36,RECENCY,decelerating,0.000000,turn_left
36,RECENCY,lane_change_left,0.000000,turn_left
36,RECENCY,lane_change_right,0.000000,turn_left
36,RECENCY,turn_left,0.939184,turn_left
36,RECENCY,turn_right,0.000000,turn_left
37,RECENCY,constant_velocity,0.051675,turn_left
37,RECENCY,decelerating,0.000000,turn_left
37,RECENCY,lane_change_left,0.000000,turn_left
37,RECENCY,lane_change_right,0.000000,turn_left
37,RECENCY,turn_left,0.948325,turn_left
37,RECENCY,turn_right,0.000000,turn_left
38,RECENCY,constant_velocity,0.043910,turn_left
38,RECENCY,decelerating,0.000000,turn_left
38,RECENCY,lane_change_left,0.000000,turn_left
38,RECENCY,lane_change_right,0.000000,turn_left
38,RECENCY,turn_left,0.956090,turn_left
38,RECENCY,turn_right,0.000000,turn_left
39,RECENCY,constant_velocity,0.037313,turn_left
39,RECENCY,decelerating,0.000000,turn_left
39,RECENCY,lane_change_left,0.000000,turn_left
39,RECENCY,lane_change_right,0.000000,turn_left
39,RECENCY,turn_left,0.962687,turn_left
39,RECENCY,turn_right,0.000000,turn_left
40,RECENCY,constant_velocity,0.031709,decelerating
40,RECENCY,decelerating,0.150192,decelerating
40,RECENCY,lane_change_left,0.000000,decelerating
40,RECENCY,lane_change_right,0.000000,decelerating
40,RECENCY,turn_left,0.818099,decelerating
40,RECENCY,turn_right,0.000000,decelerating
41,RECENCY,constant_velocity,0.026948,decelerating
41,RECENCY,decelerating,0.277802,decelerating
41,RECENCY,lane_change_left,0.000000,decelerating
41,RECENCY,lane_change_right,0.000000,decelerating
41,RECENCY,turn_left,0.695251,decelerating
41,RECENCY,turn_right,0.000000,decelerating
42,RECENCY,constant_velocity,0.022902,decelerating
42,RECENCY,decelerating,0.386231,decelerating
42,RECENCY,lane_change_left,0.000000,decelerating
42,RECENCY,lane_change_right,0.000000,decelerating
42,RECENCY,turn_left,0.590867,decelerating
42,RECENCY,turn_right,0.000000,decelerating
43,RECENCY,constant_velocity,0.019464,decelerating
43,RECENCY,decelerating,0.478369,decelerating
43,RECENCY,lane_change_left,0.000000,decelerating
43,RECENCY,lane_change_right,0.000000,decelerating
43,RECENCY,turn_left,0.502167,decelerating
43,RECENCY,turn_right,0.000000,decelerating
44,RECENCY,constant_velocity,0.016542,decelerating
44,RECENCY,decelerating,0.556666,decelerating
44,RECENCY,lane_change_left,0.000000,decelerating
44,RECENCY,lane_change_right,0.000000,decelerating
44,RECENCY,turn_left,0.426792,decelerating
44,RECENCY,turn_right,0.000000,decelerating
45,RECENCY,constant_velocity,0.014060,decelerating
45,RECENCY,decelerating,0.623204,decelerating
45,RECENCY,lane_change_left,0.000000,decelerating
45,RECENCY,lane_change_right,0.000000,decelerating
45,RECENCY,turn_left,0.362737,decelerating
45,RECENCY,turn_right,0.000000,decelerating
46,RECENCY,constant_velocity,0.011950,decelerating
46,RECENCY,decelerating,0.679750,decelerating
46,RECENCY,lane_change_left,0.000000,decelerating
46,RECENCY,lane_change_right,0.000000,decelerating
46,RECENCY,turn_left,0.308300,decelerating
46,RECENCY,turn_right,0.000000,decelerating
47,RECENCY,constant_velocity,0.010156,decelerating
47,RECENCY,decelerating,0.727807,decelerating
47,RECENCY,lane_change_left,0.000000,decelerating
47,RECENCY,lane_change_right,0.000000,decelerating
47,RECENCY,turn_left,0.262036,decelerating
47,RECENCY,turn_right,0.000000,decelerating
48,RECENCY,constant_velocity,0.008632,decelerating
48,RECENCY,decelerating,0.768651,decelerating
48,RECENCY,lane_change_left,0.000000,decelerating
48,RECENCY,lane_change_right,0.000000,decelerating
48,RECENCY,turn_left,0.222717,decelerating
48,RECENCY,turn_right,0.000000,decelerating
49,RECENCY,constant_velocity,0.007337,decelerating
49,RECENCY,decelerating,0.803363,decelerating
49,RECENCY,lane_change_left,0.000000,decelerating
49,RECENCY,lane_change_right,0.000000,decelerating
49,RECENCY,turn_left,0.189300,decelerating
49,RECENCY,turn_right,0.000000,decelerating
50,RECENCY,constant_velocity,0.006236,decelerating
50,RECENCY,decelerating,0.832866,decelerating
50,RECENCY,lane_change_left,0.000000,decelerating
50,RECENCY,lane_change_right,0.000000,decelerating
50,RECENCY,turn_left,0.160898,decelerating
50,RECENCY,turn_right,0.000000,decelerating
51,RECENCY,constant_velocity,0.005301,decelerating
51,RECENCY,decelerating,0.857942,decelerating
51,RECENCY,lane_change_left,0.000000,decelerating
51,RECENCY,lane_change_right,0.000000,decelerating
51,RECENCY,turn_left,0.136758,decelerating
51,RECENCY,turn_right,0.000000,decelerating
52,RECENCY,constant_velocity,0.004505,decelerating
52,RECENCY,decelerating,0.879254,decelerating
52,RECENCY,lane_change_left,0.000000,decelerating
52,RECENCY,lane_change_right,0.000000,decelerating
52,RECENCY,turn_left,0.116240,decelerating
52,RECENCY,turn_right,0.000000,decelerating
53,RECENCY,constant_velocity,0.003830,decelerating
53,RECENCY,decelerating,0.897369,decelerating
53,RECENCY,lane_change_left,0.000000,decelerating
53,RECENCY,lane_change_right,0.000000,decelerating
53,RECENCY,turn_left,0.098802,decelerating
53,RECENCY,turn_right,0.000000,decelerating
54,RECENCY,constant_velocity,0.003255,decelerating
54,RECENCY,decelerating,0.912766,decelerating
54,RECENCY,lane_change_left,0.000000,decelerating
54,RECENCY,lane_change_right,0.000000,decelerating
54,RECENCY,turn_left,0.083979,decelerating
54,RECENCY,turn_right,0.000000,decelerating
55,RECENCY,constant_velocity,0.002767,decelerating
55,RECENCY,decelerating,0.925852,decelerating
55,RECENCY,lane_change_left,0.000000,decelerating
55,RECENCY,lane_change_right,0.000000,decelerating
55,RECENCY,turn_left,0.071381,decelerating
55,RECENCY,turn_right,0.000000,decelerating
56,RECENCY,constant_velocity,0.002352,decelerating
56,RECENCY,decelerating,0.936975,decelerating
56,RECENCY,lane_change_left,0.000000,decelerating
56,RECENCY,lane_change_right,0.000000,decelerating
56,RECENCY,turn_left,0.060673,decelerating
56,RECENCY,turn_right,0.000000,decelerating
57,RECENCY,constant_velocity,0.001999,decelerating
57,RECENCY,decelerating,0.946430,decelerating
57,RECENCY,lane_change_left,0.000000,decelerating
57,RECENCY,lane_change_right,0.000000,decelerating
57,RECENCY,turn_left,0.051571,decelerating
57,RECENCY,turn_right,0.000000,decelerating
58,RECENCY,constant_velocity,0.001699,decelerating
58,RECENCY,decelerating,0.954466,decelerating
58,RECENCY,lane_change_left,0.000000,decelerating
58,RECENCY,lane_change_right,0.000000,decelerating
58,RECENCY,turn_left,0.043835,decelerating
58,RECENCY,turn_right,0.000000,decelerating
59,RECENCY,constant_velocity,0.001444,decelerating
59,RECENCY,decelerating,0.961296,decelerating
59,RECENCY,lane_change_left,0.000000,decelerating
59,RECENCY,lane_change_right,0.000000,decelerating
59,RECENCY,turn_left,0.037259,decelerating
59,RECENCY,turn_right,0.000000,decelerating
